order_id,order_date,customer_id,region,sales_channel,category,customer_segment,quantity,unit_price,discount_pct,revenue,profit,order_status,month
ORD-00001,2024-02-02,CUST-0348,West,Retail,Fashion,VIP,1,47.63,0.1761,57.04,20.53,Completed,2024-02
ORD-00002,2024-07-06,CUST-0463,North,Marketplace,Fashion,New,2,68.79,0.1516,159.39,51.0,Completed,2024-07
ORD-00003,2024-02-03,CUST-0316,East,Marketplace,Electronics,Regular,2,186.29,0.0767,437.08,96.16,Returned,2024-02
ORD-00004,2024-09-04,CUST-0022,West,Marketplace,Electronics,Regular,4,127.12,0.1293,782.32,172.11,Completed,2024-09
ORD-00005,2024-05-29,CUST-0095,South,Marketplace,Home,Regular,6,66.82,0.0961,472.4,127.55,Completed,2024-05
ORD-00006,2024-12-09,CUST-0156,East,Online,Sports,Regular,1,94.02,0.2351,83.6,23.41,Completed,2024-12
ORD-00007,2024-03-28,CUST-0004,West,Retail,Electronics,New,6,189.12,0.1264,1438.9,316.56,Completed,2024-03
ORD-00008,2024-07-21,CUST-0058,East,Retail,Fashion,New,2,69.73,0.0954,133.72,42.79,Completed,2024-07
ORD-00009,2024-07-28,CUST-0152,West,Retail,Fashion,Regular,6,45.19,0.0899,321.52,102.89,Completed,2024-07
ORD-00010,2024-12-28,CUST-0141,Central,Online,Home,New,6,75.41,0.2022,568.57,170.57,Completed,2024-12
ORD-00011,2024-12-29,CUST-0084,West,Retail,Fashion,Regular,3,44.87,0.0344,172.14,55.08,Completed,2024-12
ORD-00012,2024-09-18,CUST-0348,North,Marketplace,Fashion,New,4,61.18,0.081,347.26,111.12,Completed,2024-09
ORD-00013,2024-08-09,CUST-0480,South,Marketplace,Electronics,New,3,201.04,0.132,740.39,162.89,Completed,2024-08
ORD-00014,2024-04-06,CUST-0136,West,Online,Beauty,New,6,41.64,0.2576,286.01,91.52,Completed,2024-04
ORD-00015,2024-09-20,CUST-0428,South,Marketplace,Fashion,New,4,73.2,0.1351,326.15,104.37,Completed,2024-09
ORD-00016,2024-02-21,CUST-0208,East,Online,Beauty,New,6,39.8,0.1636,221.57,70.9,Completed,2024-02
ORD-00017,2024-09-04,CUST-0462,North,Online,Fashion,New,3,66.37,0.1298,241.02,84.36,Completed,2024-09
ORD-00018,2024-02-25,CUST-0042,Central,Retail,Fashion,Regular,1,62.74,0.0985,66.42,21.25,Returned,2024-02
ORD-00019,2024-07-16,CUST-0260,East,Marketplace,Home,New,4,83.04,0.0235,412.49,111.37,Completed,2024-07
ORD-00020,2024-07-17,CUST-0336,North,Online,Fashion,New,5,54.83,0.2017,383.26,134.14,Completed,2024-07
ORD-00021,2024-04-27,CUST-0019,North,Retail,Sports,New,2,80.81,0.0793,208.55,52.14,Completed,2024-04
ORD-00022,2024-12-17,CUST-0258,South,Online,Sports,New,5,66.58,0.2653,286.21,80.14,Completed,2024-12
ORD-00023,2024-04-19,CUST-0374,East,Marketplace,Sports,VIP,1,96.8,0.163,87.11,25.26,Completed,2024-04
ORD-00024,2024-01-09,CUST-0048,West,Retail,Beauty,New,7,63.49,0.062,515.34,149.45,Returned,2024-01
ORD-00025,2024-01-12,CUST-0090,North,Online,Sports,New,6,82.93,0.2511,570.07,159.62,Completed,2024-01
ORD-00026,2024-12-30,CUST-0072,West,Online,Sports,Regular,4,55.06,0.1028,352.05,98.57,Completed,2024-12
ORD-00027,2024-12-19,CUST-0290,North,Online,Fashion,Regular,6,51.69,0.2349,412.14,144.25,Completed,2024-12
ORD-00028,2024-10-28,CUST-0199,North,Retail,Electronics,VIP,1,141.49,0.0982,186.03,48.37,Completed,2024-10
ORD-00029,2024-07-09,CUST-0278,South,Marketplace,Sports,New,5,84.58,0.0369,493.15,123.29,Completed,2024-07
ORD-00030,2024-01-03,CUST-0402,Central,Online,Fashion,VIP,6,61.99,0.2305,367.29,143.24,Completed,2024-01
ORD-00031,2024-04-15,CUST-0265,Central,Online,Beauty,New,3,58.76,0.2496,187.12,59.88,Completed,2024-04
ORD-00032,2024-02-13,CUST-0433,South,Marketplace,Fashion,Regular,7,61.48,0.0597,538.88,172.44,Completed,2024-02
ORD-00033,2024-11-02,CUST-0297,Central,Marketplace,Electronics,New,4,126.32,0.1519,509.96,112.19,Completed,2024-11
ORD-00034,2024-11-30,CUST-0077,Central,Retail,Electronics,New,5,123.32,0.0234,625.24,137.55,Completed,2024-11
ORD-00035,2024-10-30,CUST-0197,North,Retail,Fashion,Regular,6,56.24,0.1007,430.31,137.7,Completed,2024-10
ORD-00036,2024-07-14,CUST-0125,North,Retail,Electronics,New,2,167.98,0.0866,379.1,83.4,Completed,2024-07
ORD-00037,2024-12-03,CUST-0026,East,Marketplace,Electronics,Regular,1,202.63,0.0359,248.87,54.75,Completed,2024-12
ORD-00038,2024-03-28,CUST-0321,Central,Online,Sports,Regular,5,91.48,0.0809,613.1,171.67,Completed,2024-03
ORD-00039,2024-12-18,CUST-0320,Central,Marketplace,Fashion,New,5,54.26,0.0424,337.3,107.94,Completed,2024-12
ORD-00040,2024-08-08,CUST-0164,South,Retail,Home,New,6,79.92,0.1297,507.0,136.89,Completed,2024-08
ORD-00041,2024-09-01,CUST-0268,Central,Marketplace,Fashion,New,4,76.67,0.1244,360.96,115.51,Completed,2024-09
ORD-00042,2024-10-06,CUST-0101,West,Online,Home,Regular,1,96.48,0.248,126.94,38.08,Completed,2024-10
ORD-00043,2024-08-20,CUST-0468,North,Retail,Beauty,New,4,43.02,0.1734,187.67,54.42,Completed,2024-08
ORD-00044,2024-06-11,CUST-0127,West,Marketplace,Beauty,VIP,1,58.23,0.0352,78.6,25.94,Completed,2024-06
ORD-00045,2024-02-17,CUST-0261,East,Online,Fashion,Regular,5,73.41,0.2338,359.3,125.75,Completed,2024-02
ORD-00046,2024-02-20,CUST-0044,Central,Marketplace,Electronics,New,6,176.47,0.087,1352.63,297.58,Completed,2024-02
ORD-00047,2024-09-23,CUST-0135,South,Marketplace,Sports,Regular,5,71.74,0.0703,370.35,92.59,Completed,2024-09
ORD-00048,2024-02-01,CUST-0365,Central,Retail,Fashion,New,1,65.29,0.1698,61.94,19.82,Completed,2024-02
ORD-00049,2024-02-21,CUST-0475,South,Retail,Sports,Regular,6,60.04,0.1561,289.09,72.27,Completed,2024-02
ORD-00050,2024-06-23,CUST-0227,East,Online,Beauty,New,1,66.13,0.1179,71.13,22.76,Completed,2024-06
ORD-00051,2024-01-05,CUST-0056,South,Retail,Sports,Regular,4,101.86,0.1607,403.23,100.81,Completed,2024-01
ORD-00052,2024-01-16,CUST-0325,North,Retail,Sports,Regular,1,58.7,0.1635,58.18,14.54,Completed,2024-01
ORD-00053,2024-06-14,CUST-0455,North,Marketplace,Beauty,New,1,60.45,0.0258,75.84,21.99,Completed,2024-06
ORD-00054,2024-10-26,CUST-0424,West,Marketplace,Sports,New,3,57.12,0.1482,244.77,61.19,Returned,2024-10
ORD-00055,2024-11-04,CUST-0101,West,Marketplace,Sports,New,4,60.35,0.1007,349.71,87.43,Completed,2024-11
ORD-00056,2024-02-01,CUST-0097,Central,Retail,Electronics,Regular,1,138.53,0.1336,142.59,31.37,Returned,2024-02
ORD-00057,2024-07-04,CUST-0442,North,Online,Beauty,New,2,62.24,0.0898,166.4,53.25,Completed,2024-07
ORD-00058,2024-05-17,CUST-0318,Central,Retail,Fashion,Regular,2,66.04,0.0432,136.69,43.74,Returned,2024-05
ORD-00059,2024-06-01,CUST-0470,East,Retail,Beauty,Regular,4,43.39,0.1013,152.02,44.09,Completed,2024-06
ORD-00060,2024-02-17,CUST-0153,North,Marketplace,Electronics,New,1,153.93,0.1178,196.56,43.24,Completed,2024-02
ORD-00061,2024-02-26,CUST-0159,East,Marketplace,Home,Regular,5,61.89,0.0869,295.11,79.68,Completed,2024-02
ORD-00062,2024-02-04,CUST-0324,East,Retail,Fashion,Regular,4,69.12,0.0706,256.11,81.96,Completed,2024-02
ORD-00063,2024-03-12,CUST-0256,East,Retail,Beauty,New,7,63.15,0.1618,364.37,105.67,Returned,2024-03
ORD-00064,2024-09-24,CUST-0418,East,Online,Beauty,New,4,55.0,0.0766,277.75,88.88,Completed,2024-09
ORD-00065,2024-10-26,CUST-0087,North,Online,Home,New,4,76.48,0.2208,424.19,127.26,Completed,2024-10
ORD-00066,2024-09-14,CUST-0300,Central,Retail,Home,New,2,66.28,0.0784,161.19,43.52,Returned,2024-09
ORD-00067,2024-06-13,CUST-0352,West,Retail,Home,Regular,2,80.36,0.1225,172.54,46.59,Completed,2024-06
ORD-00068,2024-10-03,CUST-0418,East,Retail,Electronics,New,3,208.94,0.109,628.75,138.32,Completed,2024-10
ORD-00069,2024-08-25,CUST-0040,North,Retail,Fashion,New,3,73.08,0.0894,229.61,73.48,Completed,2024-08
ORD-00070,2024-04-21,CUST-0117,North,Online,Sports,New,5,68.3,0.1627,462.71,129.56,Completed,2024-04
ORD-00071,2024-01-06,CUST-0319,North,Online,Home,Regular,6,94.08,0.2041,632.56,189.77,Completed,2024-01
ORD-00072,2024-09-21,CUST-0422,South,Marketplace,Fashion,New,7,62.58,0.143,466.49,149.28,Completed,2024-09
ORD-00073,2024-06-06,CUST-0170,Central,Online,Fashion,VIP,3,63.2,0.1722,221.06,86.21,Completed,2024-06
ORD-00074,2024-12-30,CUST-0170,Central,Retail,Beauty,New,1,44.84,0.024,49.54,14.37,Returned,2024-12
ORD-00075,2024-06-02,CUST-0139,South,Online,Fashion,New,3,71.07,0.1958,240.41,84.14,Returned,2024-06
ORD-00076,2024-11-16,CUST-0360,East,Marketplace,Beauty,VIP,4,70.76,0.1451,243.59,80.38,Completed,2024-11
ORD-00077,2024-07-04,CUST-0327,West,Marketplace,Fashion,Regular,7,81.34,0.1775,776.87,248.6,Completed,2024-07
ORD-00078,2024-12-20,CUST-0021,West,Retail,Home,New,3,100.81,0.0984,361.46,97.59,Returned,2024-12
ORD-00079,2024-04-28,CUST-0043,Central,Online,Fashion,Regular,5,65.39,0.2345,398.39,139.44,Returned,2024-04
ORD-00080,2024-03-28,CUST-0055,North,Online,Home,New,3,95.45,0.214,404.68,121.4,Completed,2024-03
ORD-00081,2024-09-27,CUST-0118,West,Retail,Sports,New,7,84.0,0.1573,666.64,166.66,Completed,2024-09
ORD-00082,2024-04-05,CUST-0447,West,Retail,Electronics,New,5,177.82,0.058,1071.05,235.63,Completed,2024-04
ORD-00083,2024-10-11,CUST-0199,Central,Marketplace,Home,Regular,4,74.43,0.1618,291.11,78.6,Completed,2024-10
ORD-00084,2024-09-03,CUST-0499,South,Retail,Beauty,Regular,4,48.36,0.0853,193.84,56.21,Completed,2024-09
ORD-00085,2024-03-09,CUST-0196,Central,Marketplace,Beauty,Regular,1,69.15,0.0995,79.57,23.08,Completed,2024-03
ORD-00086,2024-01-31,CUST-0227,North,Retail,Home,New,3,93.31,0.0749,377.91,102.04,Completed,2024-01
ORD-00087,2024-12-17,CUST-0448,West,Retail,Fashion,New,3,53.05,0.0721,199.57,63.86,Completed,2024-12
ORD-00088,2024-12-25,CUST-0150,West,Online,Fashion,Regular,1,53.29,0.1242,87.79,30.73,Completed,2024-12
ORD-00089,2024-01-01,CUST-0392,South,Online,Fashion,Regular,5,60.88,0.1595,364.3,127.5,Returned,2024-01
ORD-00090,2024-04-03,CUST-0093,Central,Marketplace,Sports,Regular,4,81.16,0.0363,472.98,118.25,Completed,2024-04
ORD-00091,2024-10-11,CUST-0479,East,Marketplace,Fashion,New,7,47.97,0.0266,323.64,103.56,Completed,2024-10
ORD-00092,2024-12-25,CUST-0026,East,Online,Fashion,New,1,48.3,0.1384,54.68,19.14,Completed,2024-12
ORD-00093,2024-06-12,CUST-0208,South,Marketplace,Home,New,2,60.09,0.0379,122.15,32.98,Completed,2024-06
ORD-00094,2024-02-10,CUST-0216,East,Online,Fashion,New,3,74.05,0.2435,197.51,69.13,Completed,2024-02
ORD-00095,2024-08-06,CUST-0114,South,Marketplace,Fashion,Regular,3,56.73,0.1689,173.47,55.51,Completed,2024-08
ORD-00096,2024-11-11,CUST-0069,West,Online,Electronics,New,3,202.04,0.0521,836.4,209.1,Completed,2024-11
ORD-00097,2024-02-26,CUST-0285,North,Marketplace,Beauty,New,1,58.23,0.1559,80.75,23.42,Completed,2024-02
ORD-00098,2024-07-13,CUST-0427,West,Retail,Electronics,Regular,7,136.92,0.167,1102.35,242.52,Completed,2024-07
ORD-00099,2024-11-27,CUST-0159,Central,Online,Home,Regular,2,101.96,0.1882,234.27,70.28,Completed,2024-11
ORD-00100,2024-08-20,CUST-0173,South,Marketplace,Electronics,New,6,113.87,0.0465,858.41,188.85,Completed,2024-08
ORD-00101,2024-04-20,CUST-0297,West,Marketplace,Home,VIP,2,66.62,0.043,178.49,55.33,Completed,2024-04
ORD-00102,2024-10-16,CUST-0009,East,Online,Sports,New,7,101.67,0.1845,805.4,225.51,Completed,2024-10
ORD-00103,2024-02-03,CUST-0137,Central,Retail,Fashion,Regular,2,45.95,0.1151,98.04,31.37,Completed,2024-02
ORD-00104,2024-12-22,CUST-0116,Central,Online,Electronics,Regular,2,197.64,0.1083,520.04,130.01,Completed,2024-12
ORD-00105,2024-07-10,CUST-0283,South,Marketplace,Beauty,Regular,6,63.88,0.1773,392.95,113.96,Completed,2024-07
ORD-00106,2024-12-10,CUST-0204,North,Online,Beauty,Regular,3,41.56,0.2546,158.9,50.85,Completed,2024-12
ORD-00107,2024-06-20,CUST-0100,North,Retail,Sports,New,5,95.29,0.166,505.47,126.37,Completed,2024-06
ORD-00108,2024-11-17,CUST-0258,West,Retail,Sports,New,3,89.71,0.137,317.58,79.39,Completed,2024-11
ORD-00109,2024-06-11,CUST-0399,North,Marketplace,Sports,VIP,7,59.15,0.0527,500.21,145.06,Completed,2024-06
ORD-00110,2024-03-17,CUST-0443,Central,Marketplace,Home,Regular,7,80.72,0.0711,715.62,193.22,Completed,2024-03
ORD-00111,2024-05-20,CUST-0234,East,Online,Beauty,VIP,4,45.01,0.1368,171.65,61.79,Completed,2024-05
ORD-00112,2024-05-01,CUST-0477,North,Online,Beauty,New,1,46.58,0.0728,78.0,24.96,Completed,2024-05
ORD-00113,2024-05-05,CUST-0261,South,Retail,Home,New,4,84.59,0.0615,338.41,91.37,Completed,2024-05
ORD-00114,2024-02-02,CUST-0056,Central,Online,Beauty,Regular,7,46.88,0.1178,467.64,149.64,Completed,2024-02
ORD-00115,2024-10-09,CUST-0476,Central,Online,Sports,VIP,3,57.82,0.0817,234.98,75.19,Completed,2024-10
ORD-00116,2024-06-04,CUST-0271,North,Marketplace,Sports,Regular,3,62.27,0.0605,288.2,72.05,Completed,2024-06
ORD-00117,2024-05-16,CUST-0186,East,Retail,Beauty,New,6,52.0,0.1416,240.12,69.63,Completed,2024-05
ORD-00118,2024-08-08,CUST-0051,Central,Retail,Electronics,VIP,6,137.92,0.1554,782.89,203.55,Completed,2024-08
ORD-00119,2024-01-23,CUST-0425,East,Online,Home,Regular,1,105.92,0.128,106.0,31.8,Completed,2024-01
ORD-00120,2024-05-01,CUST-0444,South,Online,Electronics,VIP,1,188.18,0.1691,213.54,61.93,Completed,2024-05
ORD-00121,2024-05-23,CUST-0063,East,Marketplace,Fashion,New,3,80.66,0.0971,223.6,71.55,Returned,2024-05
ORD-00122,2024-05-15,CUST-0015,East,Marketplace,Home,New,7,66.25,0.1667,453.67,122.49,Completed,2024-05
ORD-00123,2024-01-27,CUST-0094,East,Marketplace,Fashion,Regular,5,82.06,0.1509,392.56,125.62,Completed,2024-01
ORD-00124,2024-11-02,CUST-0026,North,Marketplace,Sports,New,4,70.7,0.1471,385.29,96.32,Completed,2024-11
ORD-00125,2024-08-20,CUST-0219,West,Marketplace,Home,VIP,4,93.55,0.0204,531.44,164.75,Returned,2024-08
ORD-00126,2024-11-16,CUST-0077,North,Retail,Fashion,New,4,68.34,0.0829,304.51,97.44,Returned,2024-11
ORD-00127,2024-05-31,CUST-0300,West,Marketplace,Fashion,Regular,5,62.2,0.172,361.0,115.52,Completed,2024-05
ORD-00128,2024-02-03,CUST-0225,West,Marketplace,Sports,New,7,96.88,0.1399,913.12,228.28,Returned,2024-02
ORD-00129,2024-10-01,CUST-0183,West,Online,Home,VIP,6,98.77,0.1427,915.9,311.41,Completed,2024-10
ORD-00130,2024-08-03,CUST-0323,East,Marketplace,Sports,New,2,70.7,0.0853,130.7,32.67,Completed,2024-08
ORD-00131,2024-10-28,CUST-0331,North,Online,Beauty,Regular,6,39.06,0.1251,360.05,115.22,Completed,2024-10
ORD-00132,2024-12-09,CUST-0065,Central,Marketplace,Home,Regular,2,74.45,0.0422,199.73,53.93,Completed,2024-12
ORD-00133,2024-11-29,CUST-0350,Central,Marketplace,Home,Regular,4,110.03,0.1176,536.32,144.81,Completed,2024-11
ORD-00134,2024-01-24,CUST-0343,South,Marketplace,Sports,New,4,55.51,0.084,260.63,65.16,Completed,2024-01
ORD-00135,2024-05-12,CUST-0161,East,Online,Sports,VIP,3,80.32,0.1627,237.99,76.16,Completed,2024-05
ORD-00136,2024-10-22,CUST-0421,South,Retail,Sports,VIP,3,100.96,0.1392,301.25,87.36,Completed,2024-10
ORD-00137,2024-02-08,CUST-0322,East,Retail,Fashion,New,5,55.14,0.0612,247.41,79.17,Completed,2024-02
ORD-00138,2024-04-14,CUST-0084,South,Retail,Sports,VIP,4,54.76,0.0738,239.36,69.41,Completed,2024-04
ORD-00139,2024-03-26,CUST-0195,North,Marketplace,Beauty,New,1,71.95,0.0508,99.18,28.76,Completed,2024-03
ORD-00140,2024-05-26,CUST-0035,West,Marketplace,Sports,VIP,5,60.97,0.1465,449.8,130.44,Completed,2024-05
ORD-00141,2024-03-22,CUST-0089,West,Retail,Electronics,Regular,5,153.5,0.1083,967.52,212.85,Completed,2024-03
ORD-00142,2024-10-17,CUST-0258,West,Online,Sports,VIP,1,58.93,0.2174,73.81,23.62,Returned,2024-10
ORD-00143,2024-04-18,CUST-0336,East,Online,Fashion,New,3,57.6,0.2311,180.64,63.22,Completed,2024-04
ORD-00144,2024-12-07,CUST-0400,East,Retail,Home,Regular,6,85.79,0.1629,471.07,127.19,Completed,2024-12
ORD-00145,2024-11-30,CUST-0034,North,Online,Electronics,Regular,2,117.18,0.0501,390.47,97.62,Completed,2024-11
ORD-00146,2024-02-06,CUST-0084,North,Retail,Beauty,Regular,3,43.33,0.1577,142.19,41.24,Completed,2024-02
ORD-00147,2024-06-14,CUST-0369,Central,Online,Electronics,New,4,137.23,0.223,665.57,166.39,Completed,2024-06
ORD-00148,2024-09-17,CUST-0104,East,Online,Home,New,5,99.45,0.0773,514.39,154.32,Completed,2024-09
ORD-00149,2024-02-29,CUST-0495,North,Online,Sports,New,5,60.93,0.2003,382.45,107.09,Completed,2024-02
ORD-00150,2024-03-08,CUST-0096,Central,Marketplace,Sports,VIP,4,64.91,0.125,323.6,93.84,Completed,2024-03
ORD-00151,2024-01-03,CUST-0355,East,Marketplace,Fashion,Regular,3,45.02,0.0279,148.73,47.59,Completed,2024-01
ORD-00152,2024-08-14,CUST-0413,South,Online,Fashion,Regular,1,65.61,0.1386,76.99,26.95,Completed,2024-08
ORD-00153,2024-02-29,CUST-0033,South,Retail,Fashion,Regular,6,44.04,0.054,279.56,89.46,Completed,2024-02
ORD-00154,2024-10-11,CUST-0238,North,Marketplace,Sports,Regular,6,98.93,0.0295,878.13,219.53,Completed,2024-10
ORD-00155,2024-06-18,CUST-0050,North,Online,Beauty,New,7,45.35,0.1472,391.23,125.19,Completed,2024-06
ORD-00156,2024-08-25,CUST-0028,Central,Online,Home,New,2,78.76,0.1109,185.55,55.67,Completed,2024-08
ORD-00157,2024-10-19,CUST-0054,Central,Online,Sports,New,6,59.89,0.1925,465.63,130.38,Completed,2024-10
ORD-00158,2024-12-17,CUST-0498,West,Online,Sports,Regular,2,56.5,0.1423,185.92,52.06,Completed,2024-12
ORD-00159,2024-02-01,CUST-0489,East,Marketplace,Sports,New,6,78.14,0.099,463.37,115.84,Returned,2024-02
ORD-00160,2024-10-20,CUST-0161,South,Marketplace,Fashion,New,5,51.44,0.0365,315.65,101.01,Completed,2024-10
ORD-00161,2024-07-29,CUST-0316,South,Marketplace,Fashion,New,6,79.68,0.1692,467.75,149.68,Completed,2024-07
ORD-00162,2024-04-08,CUST-0329,East,Marketplace,Fashion,Regular,3,65.34,0.0713,199.58,63.87,Completed,2024-04
ORD-00163,2024-07-13,CUST-0195,North,Online,Electronics,Regular,7,133.02,0.1794,1149.48,287.37,Completed,2024-07
ORD-00164,2024-07-11,CUST-0334,Central,Marketplace,Sports,Regular,1,56.9,0.1713,70.71,17.68,Completed,2024-07
ORD-00165,2024-12-02,CUST-0340,East,Marketplace,Electronics,New,7,167.14,0.0242,1434.68,315.63,Completed,2024-12
ORD-00166,2024-03-28,CUST-0393,East,Online,Fashion,New,4,56.73,0.2521,214.67,75.13,Completed,2024-03
ORD-00167,2024-01-22,CUST-0248,South,Marketplace,Electronics,Regular,2,164.58,0.1745,372.88,82.03,Returned,2024-01
ORD-00168,2024-11-06,CUST-0187,North,Marketplace,Fashion,VIP,5,47.89,0.1498,308.43,111.03,Completed,2024-11
ORD-00169,2024-08-20,CUST-0185,Central,Marketplace,Beauty,New,7,52.43,0.0389,516.82,149.88,Completed,2024-08
ORD-00170,2024-01-26,CUST-0012,South,Marketplace,Home,VIP,1,87.32,0.0942,88.31,27.38,Completed,2024-01
ORD-00171,2024-08-16,CUST-0021,West,Online,Home,Regular,1,84.24,0.1701,105.59,31.68,Completed,2024-08
ORD-00172,2024-07-28,CUST-0473,North,Retail,Home,New,4,81.26,0.1494,310.59,83.86,Returned,2024-07
ORD-00173,2024-07-31,CUST-0215,West,Marketplace,Sports,Regular,3,74.92,0.0257,389.55,97.39,Completed,2024-07
ORD-00174,2024-06-23,CUST-0151,Central,Retail,Electronics,Regular,4,200.49,0.0272,987.12,217.17,Returned,2024-06
ORD-00175,2024-11-28,CUST-0078,North,Online,Electronics,Regular,7,164.42,0.2606,1337.62,334.4,Completed,2024-11
ORD-00176,2024-10-16,CUST-0156,East,Marketplace,Electronics,VIP,3,130.56,0.0658,365.89,95.13,Returned,2024-10
ORD-00177,2024-09-02,CUST-0487,Central,Online,Beauty,Regular,1,66.7,0.267,77.26,24.72,Completed,2024-09
ORD-00178,2024-04-19,CUST-0485,East,Retail,Fashion,VIP,2,71.14,0.0973,121.89,43.88,Completed,2024-04
ORD-00179,2024-04-12,CUST-0039,South,Online,Home,New,6,100.94,0.1526,717.94,215.38,Returned,2024-04
ORD-00180,2024-02-01,CUST-0487,North,Online,Electronics,New,2,133.43,0.1686,410.9,102.72,Returned,2024-02
ORD-00181,2024-01-15,CUST-0032,South,Retail,Electronics,New,7,131.12,0.111,884.12,194.51,Completed,2024-01
ORD-00182,2024-08-28,CUST-0309,West,Marketplace,Home,Regular,7,105.37,0.1718,831.87,224.6,Completed,2024-08
ORD-00183,2024-06-21,CUST-0189,South,Retail,Fashion,VIP,6,73.67,0.1065,400.66,144.24,Completed,2024-06
ORD-00184,2024-03-08,CUST-0115,West,Online,Beauty,New,6,62.66,0.0888,525.7,168.22,Returned,2024-03
ORD-00185,2024-10-27,CUST-0254,North,Retail,Fashion,Regular,1,60.81,0.1792,63.66,20.37,Completed,2024-10
ORD-00186,2024-12-02,CUST-0114,East,Marketplace,Electronics,Regular,2,174.49,0.0281,382.19,84.08,Returned,2024-12
ORD-00187,2024-06-29,CUST-0411,Central,Online,Fashion,New,6,68.96,0.2298,481.79,168.63,Completed,2024-06
ORD-00188,2024-03-11,CUST-0331,Central,Marketplace,Beauty,New,4,60.97,0.1737,262.3,76.07,Completed,2024-03
ORD-00189,2024-08-17,CUST-0230,Central,Retail,Fashion,Regular,4,52.3,0.1392,188.43,60.3,Completed,2024-08
ORD-00190,2024-05-16,CUST-0137,West,Online,Beauty,VIP,6,42.12,0.2699,284.08,102.27,Completed,2024-05
ORD-00191,2024-05-24,CUST-0380,South,Online,Fashion,VIP,6,71.26,0.0903,523.14,204.02,Completed,2024-05
ORD-00192,2024-10-19,CUST-0064,North,Retail,Home,New,3,88.89,0.1328,295.18,79.7,Completed,2024-10
ORD-00193,2024-03-28,CUST-0224,West,Retail,Beauty,Regular,2,65.97,0.0585,150.35,43.6,Completed,2024-03
ORD-00194,2024-03-25,CUST-0376,East,Retail,Home,New,7,76.48,0.0636,483.42,130.52,Completed,2024-03
ORD-00195,2024-09-12,CUST-0381,South,Marketplace,Home,New,4,108.83,0.0997,539.47,145.66,Completed,2024-09
ORD-00196,2024-08-15,CUST-0454,Central,Retail,Beauty,VIP,6,64.99,0.0937,347.71,114.74,Completed,2024-08
ORD-00197,2024-07-30,CUST-0284,East,Retail,Fashion,New,4,65.26,0.1539,199.2,63.74,Completed,2024-07
ORD-00198,2024-03-12,CUST-0436,West,Online,Sports,VIP,5,96.76,0.1223,668.84,214.03,Completed,2024-03
ORD-00199,2024-10-27,CUST-0278,West,Retail,Sports,New,7,68.5,0.0472,531.44,132.86,Completed,2024-10
ORD-00200,2024-08-17,CUST-0340,Central,Marketplace,Fashion,Regular,1,51.39,0.0481,60.56,19.38,Completed,2024-08
ORD-00201,2024-12-02,CUST-0407,Central,Marketplace,Electronics,Regular,7,135.06,0.0642,1095.19,240.94,Returned,2024-12
ORD-00202,2024-01-02,CUST-0388,East,Marketplace,Fashion,New,6,73.72,0.0805,423.02,135.37,Completed,2024-01
ORD-00203,2024-09-03,CUST-0020,North,Retail,Fashion,VIP,7,52.01,0.103,367.87,132.43,Completed,2024-09
ORD-00204,2024-02-21,CUST-0095,South,Retail,Beauty,New,2,44.97,0.0856,97.63,28.31,Completed,2024-02
ORD-00205,2024-07-11,CUST-0206,West,Marketplace,Beauty,VIP,2,51.95,0.1677,143.31,47.29,Completed,2024-07
ORD-00206,2024-02-01,CUST-0101,West,Marketplace,Electronics,Regular,1,130.17,0.0942,198.99,43.78,Completed,2024-02
ORD-00207,2024-03-18,CUST-0137,Central,Retail,Sports,New,5,66.53,0.0416,355.83,88.96,Returned,2024-03
ORD-00208,2024-12-05,CUST-0018,South,Retail,Sports,New,2,62.11,0.1223,106.78,26.7,Completed,2024-12
ORD-00209,2024-05-23,CUST-0114,Central,Retail,Sports,Regular,1,56.81,0.1588,56.89,14.22,Completed,2024-05
ORD-00210,2024-07-15,CUST-0469,West,Retail,Electronics,Regular,2,183.38,0.0906,450.42,99.09,Completed,2024-07
ORD-00211,2024-12-25,CUST-0144,West,Online,Sports,Regular,5,60.01,0.1048,455.19,127.45,Completed,2024-12
ORD-00212,2024-07-03,CUST-0456,East,Marketplace,Home,Regular,7,72.95,0.1378,504.22,136.14,Completed,2024-07
ORD-00213,2024-10-17,CUST-0361,North,Retail,Beauty,VIP,1,69.24,0.1775,76.12,25.12,Completed,2024-10
ORD-00214,2024-08-28,CUST-0206,East,Online,Sports,New,5,96.08,0.1153,508.9,142.49,Completed,2024-08
ORD-00215,2024-08-10,CUST-0385,Central,Retail,Sports,New,2,70.43,0.117,157.04,39.26,Completed,2024-08
ORD-00216,2024-12-12,CUST-0282,North,Retail,Home,Regular,3,86.02,0.0288,356.71,96.31,Completed,2024-12
ORD-00217,2024-09-30,CUST-0026,North,Marketplace,Home,VIP,7,99.36,0.0612,1041.65,322.91,Completed,2024-09
ORD-00218,2024-09-25,CUST-0389,Central,Online,Home,Regular,3,72.9,0.1031,323.79,97.14,Completed,2024-09
ORD-00219,2024-06-10,CUST-0266,West,Online,Beauty,Regular,7,54.4,0.1534,496.97,159.03,Completed,2024-06
ORD-00220,2024-01-07,CUST-0289,Central,Marketplace,Sports,New,7,61.11,0.1756,528.52,132.13,Completed,2024-01
ORD-00221,2024-10-28,CUST-0045,South,Marketplace,Electronics,New,1,123.77,0.0314,129.87,28.57,Returned,2024-10
ORD-00222,2024-01-11,CUST-0387,North,Retail,Sports,Regular,1,84.43,0.1611,91.52,22.88,Completed,2024-01
ORD-00223,2024-12-08,CUST-0234,West,Retail,Fashion,New,2,50.53,0.1475,103.51,33.12,Completed,2024-12
ORD-00224,2024-10-02,CUST-0343,South,Marketplace,Sports,New,7,95.17,0.0324,753.94,188.49,Completed,2024-10
ORD-00225,2024-10-01,CUST-0148,South,Retail,Beauty,VIP,1,57.51,0.0664,59.63,19.68,Completed,2024-10
ORD-00226,2024-06-11,CUST-0347,West,Online,Beauty,New,3,61.07,0.207,241.94,77.42,Completed,2024-06
ORD-00227,2024-01-19,CUST-0221,East,Retail,Electronics,New,3,184.8,0.0579,520.05,114.41,Completed,2024-01
ORD-00228,2024-01-14,CUST-0310,West,Marketplace,Fashion,Regular,1,79.73,0.0987,114.84,36.75,Completed,2024-01
ORD-00229,2024-12-30,CUST-0241,West,Online,Electronics,Regular,5,202.33,0.1635,1628.93,407.23,Completed,2024-12
ORD-00230,2024-07-06,CUST-0048,East,Retail,Electronics,New,2,112.06,0.0891,214.47,47.18,Completed,2024-07
ORD-00231,2024-09-15,CUST-0470,North,Online,Fashion,New,1,50.44,0.1941,68.69,24.04,Completed,2024-09
ORD-00232,2024-04-22,CUST-0452,East,Online,Beauty,New,2,55.21,0.2239,122.12,39.08,Completed,2024-04
ORD-00233,2024-10-21,CUST-0132,South,Marketplace,Home,New,5,90.58,0.179,465.06,125.57,Returned,2024-10
ORD-00234,2024-05-04,CUST-0102,West,Marketplace,Sports,VIP,3,79.56,0.1533,307.84,89.27,Completed,2024-05
ORD-00235,2024-03-29,CUST-0399,Central,Retail,Sports,VIP,5,67.21,0.0713,365.31,105.94,Completed,2024-03
ORD-00236,2024-03-04,CUST-0374,East,Retail,Beauty,New,5,49.61,0.0729,204.94,59.43,Completed,2024-03
ORD-00237,2024-07-13,CUST-0379,Central,Marketplace,Fashion,New,1,65.33,0.0234,76.76,24.56,Completed,2024-07
ORD-00238,2024-04-03,CUST-0028,West,Marketplace,Home,New,1,90.54,0.0235,123.06,33.23,Completed,2024-04
ORD-00239,2024-07-08,CUST-0036,West,Online,Fashion,New,3,74.91,0.2554,256.0,89.6,Completed,2024-07
ORD-00240,2024-08-04,CUST-0102,Central,Retail,Fashion,New,7,69.41,0.136,547.81,175.3,Completed,2024-08
ORD-00241,2024-11-14,CUST-0180,East,Retail,Home,Regular,6,71.78,0.0274,437.41,118.1,Completed,2024-11
ORD-00242,2024-05-11,CUST-0305,North,Online,Fashion,Regular,2,73.9,0.2364,161.35,56.47,Completed,2024-05
ORD-00243,2024-11-11,CUST-0022,East,Retail,Beauty,New,2,45.91,0.0928,73.95,21.45,Completed,2024-11
ORD-00244,2024-02-20,CUST-0464,Central,Retail,Sports,New,5,55.25,0.168,225.85,56.46,Returned,2024-02
ORD-00245,2024-11-14,CUST-0485,West,Marketplace,Sports,VIP,2,80.6,0.0325,250.08,72.52,Completed,2024-11
ORD-00246,2024-12-08,CUST-0077,West,Retail,Fashion,Regular,4,72.48,0.032,415.01,132.8,Completed,2024-12
ORD-00247,2024-07-10,CUST-0484,East,Marketplace,Fashion,New,7,72.23,0.079,485.36,155.32,Completed,2024-07
ORD-00248,2024-09-22,CUST-0108,East,Retail,Sports,Regular,1,95.32,0.0805,79.47,19.87,Completed,2024-09
ORD-00249,2024-08-03,CUST-0346,West,Retail,Sports,New,1,101.4,0.0441,136.56,34.14,Completed,2024-08
ORD-00250,2024-11-09,CUST-0377,South,Online,Electronics,Regular,6,139.94,0.1271,998.08,249.52,Completed,2024-11
ORD-00251,2024-04-25,CUST-0325,Central,Online,Fashion,VIP,2,48.46,0.2536,93.86,36.61,Completed,2024-04
ORD-00252,2024-04-08,CUST-0144,North,Online,Beauty,New,4,43.1,0.1514,238.74,76.4,Completed,2024-04
ORD-00253,2024-04-08,CUST-0187,South,Retail,Electronics,Regular,3,175.83,0.0374,503.33,110.73,Completed,2024-04
ORD-00254,2024-05-02,CUST-0189,East,Online,Home,Regular,1,87.85,0.1865,89.07,26.72,Completed,2024-05
ORD-00255,2024-10-03,CUST-0391,South,Marketplace,Fashion,New,1,80.28,0.0236,104.91,33.57,Completed,2024-10
ORD-00256,2024-11-25,CUST-0464,South,Marketplace,Beauty,Regular,2,71.36,0.0268,174.76,50.68,Completed,2024-11
ORD-00257,2024-07-14,CUST-0009,North,Marketplace,Home,VIP,2,83.76,0.1548,209.17,64.84,Completed,2024-07
ORD-00258,2024-02-25,CUST-0026,Central,Online,Fashion,New,2,80.4,0.1111,182.27,63.79,Completed,2024-02
ORD-00259,2024-07-18,CUST-0485,East,Online,Sports,Regular,7,66.72,0.166,475.83,133.23,Completed,2024-07
ORD-00260,2024-02-17,CUST-0265,South,Retail,Sports,New,3,100.88,0.0498,265.11,66.28,Completed,2024-02
ORD-00261,2024-05-27,CUST-0091,South,Retail,Home,Regular,4,95.43,0.0622,366.35,98.91,Completed,2024-05
ORD-00262,2024-04-20,CUST-0426,West,Retail,Fashion,New,1,66.02,0.0542,79.72,25.51,Completed,2024-04
ORD-00263,2024-09-27,CUST-0119,North,Retail,Fashion,New,7,72.76,0.0409,708.69,226.78,Completed,2024-09
ORD-00264,2024-03-23,CUST-0496,West,Online,Beauty,Regular,5,49.88,0.0875,388.86,124.44,Completed,2024-03
ORD-00265,2024-10-12,CUST-0463,North,Retail,Beauty,New,1,47.29,0.0263,54.53,15.81,Completed,2024-10
ORD-00266,2024-05-02,CUST-0097,South,Marketplace,Electronics,New,2,149.1,0.0816,322.4,70.93,Completed,2024-05
ORD-00267,2024-04-29,CUST-0378,North,Retail,Electronics,New,3,209.1,0.1686,675.87,148.69,Completed,2024-04
ORD-00268,2024-12-06,CUST-0422,South,Online,Beauty,Regular,6,68.49,0.1499,516.01,165.12,Completed,2024-12
ORD-00269,2024-10-05,CUST-0497,South,Online,Sports,New,7,91.06,0.0715,689.97,193.19,Completed,2024-10
ORD-00270,2024-09-01,CUST-0428,West,Marketplace,Beauty,Regular,4,41.69,0.0641,209.06,60.63,Completed,2024-09
ORD-00271,2024-08-28,CUST-0213,East,Retail,Home,New,6,106.17,0.0633,573.23,154.77,Completed,2024-08
ORD-00272,2024-10-03,CUST-0129,South,Marketplace,Fashion,New,4,63.35,0.0443,306.4,98.05,Completed,2024-10
ORD-00273,2024-07-20,CUST-0484,East,Retail,Sports,New,5,91.75,0.1748,332.23,83.06,Completed,2024-07
ORD-00274,2024-12-04,CUST-0292,East,Retail,Electronics,Regular,3,137.82,0.1687,344.03,75.69,Completed,2024-12
ORD-00275,2024-05-19,CUST-0408,West,Online,Electronics,Regular,2,118.62,0.1678,350.25,87.56,Completed,2024-05
ORD-00276,2024-05-18,CUST-0093,North,Retail,Sports,VIP,2,69.79,0.114,156.03,45.25,Completed,2024-05
ORD-00277,2024-06-20,CUST-0228,North,Marketplace,Electronics,VIP,6,197.51,0.0972,1394.98,362.69,Returned,2024-06
ORD-00278,2024-11-23,CUST-0158,North,Retail,Sports,VIP,3,71.31,0.0924,226.22,65.6,Completed,2024-11
ORD-00279,2024-07-20,CUST-0034,Central,Marketplace,Home,Regular,5,62.03,0.1246,378.22,102.12,Completed,2024-07
ORD-00280,2024-06-11,CUST-0438,North,Marketplace,Sports,Regular,3,60.9,0.0712,255.0,63.75,Completed,2024-06
ORD-00281,2024-06-19,CUST-0128,South,Marketplace,Electronics,New,4,149.82,0.0515,731.95,161.03,Completed,2024-06
ORD-00282,2024-04-30,CUST-0386,South,Online,Home,Regular,7,79.89,0.1851,620.87,186.26,Returned,2024-04
ORD-00283,2024-02-14,CUST-0215,Central,Marketplace,Beauty,New,5,61.86,0.1779,297.48,86.27,Completed,2024-02
ORD-00284,2024-06-10,CUST-0254,East,Online,Electronics,Regular,1,182.9,0.25,175.91,43.98,Completed,2024-06
ORD-00285,2024-06-11,CUST-0019,West,Retail,Sports,VIP,1,80.87,0.0546,106.95,31.02,Completed,2024-06
ORD-00286,2024-06-27,CUST-0352,East,Online,Electronics,New,5,132.03,0.0715,820.36,205.09,Completed,2024-06
ORD-00287,2024-01-31,CUST-0354,North,Online,Home,VIP,2,92.05,0.1208,226.47,77.0,Completed,2024-01
ORD-00288,2024-01-27,CUST-0365,West,Retail,Electronics,New,7,204.99,0.141,1644.12,361.71,Completed,2024-01
ORD-00289,2024-11-14,CUST-0216,East,Online,Home,Regular,4,91.4,0.2566,294.94,88.48,Returned,2024-11
ORD-00290,2024-05-23,CUST-0144,South,Online,Electronics,New,2,129.1,0.2257,304.41,76.1,Completed,2024-05
ORD-00291,2024-11-03,CUST-0041,North,Marketplace,Electronics,New,6,137.75,0.1778,919.27,202.24,Completed,2024-11
ORD-00292,2024-02-18,CUST-0188,East,Retail,Fashion,Regular,2,75.83,0.0422,150.75,48.24,Completed,2024-02
ORD-00293,2024-03-17,CUST-0035,Central,Marketplace,Home,Regular,5,68.94,0.0311,416.57,112.47,Completed,2024-03
ORD-00294,2024-01-03,CUST-0417,West,Online,Electronics,VIP,5,120.72,0.0555,1066.22,309.2,Completed,2024-01
ORD-00295,2024-09-25,CUST-0397,South,Retail,Fashion,New,2,62.82,0.1001,108.54,34.73,Returned,2024-09
ORD-00296,2024-07-27,CUST-0443,Central,Marketplace,Electronics,Regular,1,177.19,0.1296,200.33,44.07,Completed,2024-07
ORD-00297,2024-01-23,CUST-0164,South,Retail,Fashion,Regular,3,55.76,0.0601,150.91,48.29,Completed,2024-01
ORD-00298,2024-10-21,CUST-0347,Central,Online,Beauty,New,4,66.88,0.1046,296.95,95.02,Completed,2024-10
ORD-00299,2024-02-11,CUST-0023,North,Online,Beauty,VIP,2,63.54,0.0665,207.01,74.52,Completed,2024-02
ORD-00300,2024-11-04,CUST-0495,South,Retail,Electronics,Regular,2,137.25,0.0503,283.94,62.47,Completed,2024-11
ORD-00301,2024-08-11,CUST-0446,East,Online,Beauty,Regular,4,65.47,0.1069,272.72,87.27,Completed,2024-08
ORD-00302,2024-11-14,CUST-0487,South,Retail,Sports,Regular,7,74.25,0.106,439.65,109.91,Completed,2024-11
ORD-00303,2024-05-22,CUST-0465,South,Marketplace,Fashion,New,6,48.77,0.0517,302.97,96.95,Completed,2024-05
ORD-00304,2024-02-25,CUST-0346,Central,Marketplace,Beauty,New,1,59.62,0.1412,72.61,21.06,Completed,2024-02
ORD-00305,2024-11-16,CUST-0478,East,Retail,Home,Regular,2,90.84,0.1263,167.83,45.31,Completed,2024-11
ORD-00306,2024-05-18,CUST-0270,Central,Retail,Electronics,New,5,159.17,0.1115,789.88,173.77,Completed,2024-05
ORD-00307,2024-11-06,CUST-0360,East,Marketplace,Fashion,Regular,5,68.7,0.1464,337.21,107.91,Completed,2024-11
ORD-00308,2024-01-10,CUST-0264,West,Marketplace,Electronics,New,6,197.55,0.1286,1645.95,362.11,Completed,2024-01
ORD-00309,2024-03-07,CUST-0297,South,Online,Beauty,Regular,3,58.27,0.1279,228.75,73.2,Completed,2024-03
ORD-00310,2024-01-14,CUST-0026,West,Retail,Fashion,New,3,49.51,0.0509,213.8,68.42,Completed,2024-01
ORD-00311,2024-05-19,CUST-0169,East,Marketplace,Home,New,2,102.83,0.0813,234.26,63.25,Completed,2024-05
ORD-00312,2024-07-28,CUST-0201,North,Marketplace,Beauty,VIP,2,40.11,0.1677,99.9,32.97,Completed,2024-07
ORD-00313,2024-12-27,CUST-0249,East,Retail,Home,Regular,5,61.78,0.1293,290.1,78.33,Returned,2024-12
ORD-00314,2024-09-18,CUST-0468,South,Marketplace,Electronics,VIP,5,164.18,0.1228,872.15,226.76,Completed,2024-09
ORD-00315,2024-11-14,CUST-0418,North,Online,Electronics,New,3,126.29,0.1021,504.8,126.2,Completed,2024-11
ORD-00316,2024-05-08,CUST-0313,North,Retail,Fashion,New,6,79.12,0.0442,652.32,208.74,Completed,2024-05
ORD-00317,2024-12-11,CUST-0319,Central,Online,Beauty,Regular,5,61.6,0.0538,434.05,138.9,Returned,2024-12
ORD-00318,2024-03-04,CUST-0255,West,Online,Home,New,6,86.63,0.1505,691.41,207.42,Completed,2024-03
ORD-00319,2024-02-20,CUST-0087,East,Marketplace,Home,VIP,4,76.78,0.067,325.84,101.01,Completed,2024-02
ORD-00320,2024-02-09,CUST-0346,West,Marketplace,Sports,New,4,55.59,0.062,278.31,69.58,Completed,2024-02
ORD-00321,2024-10-24,CUST-0258,West,Retail,Beauty,Regular,2,58.69,0.0834,126.96,36.82,Completed,2024-10
ORD-00322,2024-06-16,CUST-0279,West,Online,Sports,New,5,90.15,0.2402,600.19,168.05,Completed,2024-06
ORD-00323,2024-04-05,CUST-0463,West,Marketplace,Sports,New,1,55.64,0.1538,66.38,16.59,Completed,2024-04
ORD-00324,2024-05-08,CUST-0083,North,Retail,Fashion,New,2,61.37,0.0844,161.15,51.57,Completed,2024-05
ORD-00325,2024-10-11,CUST-0456,West,Marketplace,Electronics,New,6,120.7,0.0851,1165.56,256.42,Returned,2024-10
ORD-00326,2024-06-08,CUST-0376,East,Marketplace,Beauty,Regular,5,39.46,0.0431,197.64,57.32,Completed,2024-06
ORD-00327,2024-10-14,CUST-0409,West,Online,Home,VIP,7,85.87,0.2278,784.08,266.59,Completed,2024-10
ORD-00328,2024-04-19,CUST-0451,North,Retail,Sports,Regular,7,96.17,0.1735,806.06,201.51,Completed,2024-04
ORD-00329,2024-11-24,CUST-0171,East,Online,Fashion,Regular,3,55.11,0.1055,183.31,64.16,Completed,2024-11
ORD-00330,2024-10-31,CUST-0214,Central,Retail,Beauty,Regular,2,54.0,0.0535,106.98,31.02,Completed,2024-10
ORD-00331,2024-09-17,CUST-0431,West,Marketplace,Beauty,Regular,3,48.18,0.1611,204.81,59.39,Completed,2024-09
ORD-00332,2024-01-02,CUST-0210,West,Online,Sports,VIP,2,93.14,0.2213,276.67,88.53,Completed,2024-01
ORD-00333,2024-03-17,CUST-0113,South,Retail,Fashion,New,6,76.37,0.0834,415.98,133.11,Completed,2024-03
ORD-00334,2024-03-07,CUST-0035,East,Retail,Sports,VIP,5,81.76,0.0948,357.81,103.76,Completed,2024-03
ORD-00335,2024-04-14,CUST-0250,South,Retail,Fashion,Regular,2,62.18,0.1509,107.81,34.5,Completed,2024-04
ORD-00336,2024-08-26,CUST-0291,Central,Retail,Sports,New,1,67.98,0.1383,70.79,17.7,Completed,2024-08
ORD-00337,2024-03-03,CUST-0191,South,Retail,Fashion,VIP,3,77.72,0.1779,184.95,66.58,Completed,2024-03
ORD-00338,2024-10-19,CUST-0435,Central,Retail,Electronics,New,7,179.5,0.1052,1412.84,310.82,Completed,2024-10
ORD-00339,2024-07-23,CUST-0115,West,Online,Fashion,VIP,3,50.56,0.1978,190.37,74.24,Returned,2024-07
ORD-00340,2024-04-19,CUST-0113,South,Marketplace,Electronics,VIP,7,161.31,0.1785,1170.31,304.28,Completed,2024-04
ORD-00341,2024-07-07,CUST-0205,East,Marketplace,Sports,New,5,62.39,0.1385,272.59,68.15,Completed,2024-07
ORD-00342,2024-02-28,CUST-0150,South,Retail,Sports,New,5,80.82,0.0735,396.45,99.11,Completed,2024-02
ORD-00343,2024-10-18,CUST-0288,North,Online,Fashion,Regular,1,47.58,0.2442,62.91,22.02,Completed,2024-10
ORD-00344,2024-11-10,CUST-0094,South,Retail,Beauty,New,6,55.1,0.0253,368.37,106.83,Completed,2024-11
ORD-00345,2024-07-13,CUST-0398,Central,Online,Electronics,VIP,3,197.23,0.2106,683.38,198.18,Completed,2024-07
ORD-00346,2024-06-08,CUST-0158,West,Marketplace,Sports,New,5,57.85,0.1712,391.24,97.81,Completed,2024-06
ORD-00347,2024-01-21,CUST-0399,Central,Marketplace,Sports,New,3,96.64,0.0278,359.0,89.75,Completed,2024-01
ORD-00348,2024-08-27,CUST-0068,West,Retail,Fashion,New,4,48.5,0.0365,239.3,76.58,Completed,2024-08
ORD-00349,2024-04-24,CUST-0270,South,Marketplace,Beauty,Regular,5,69.81,0.0817,347.42,100.75,Completed,2024-04
ORD-00350,2024-06-16,CUST-0290,West,Online,Sports,Regular,1,84.23,0.1313,133.79,37.46,Completed,2024-06
ORD-00351,2024-05-02,CUST-0298,Central,Online,Fashion,New,4,48.58,0.1063,269.58,94.35,Completed,2024-05
ORD-00352,2024-10-18,CUST-0436,North,Marketplace,Electronics,New,2,179.96,0.0264,529.97,116.59,Completed,2024-10
ORD-00353,2024-07-09,CUST-0461,South,Marketplace,Fashion,New,1,55.08,0.1287,67.63,21.64,Completed,2024-07
ORD-00354,2024-12-21,CUST-0110,Central,Marketplace,Beauty,Regular,2,65.7,0.1378,148.63,43.1,Completed,2024-12
ORD-00355,2024-07-18,CUST-0321,East,Online,Sports,Regular,3,85.33,0.1122,243.83,68.27,Completed,2024-07
ORD-00356,2024-03-10,CUST-0123,West,Retail,Fashion,New,6,52.06,0.1141,322.59,103.23,Completed,2024-03
ORD-00357,2024-01-28,CUST-0216,West,Marketplace,Home,New,2,102.79,0.0713,334.87,90.41,Completed,2024-01
ORD-00358,2024-06-18,CUST-0229,West,Marketplace,Fashion,Regular,1,59.96,0.104,73.5,23.52,Completed,2024-06
ORD-00359,2024-05-31,CUST-0278,East,Marketplace,Electronics,New,5,203.21,0.0258,1111.67,244.57,Completed,2024-05
ORD-00360,2024-01-07,CUST-0109,North,Retail,Home,New,7,74.41,0.0842,521.35,140.76,Completed,2024-01
ORD-00361,2024-02-15,CUST-0165,North,Online,Electronics,Regular,3,165.74,0.101,820.1,205.03,Completed,2024-02
ORD-00362,2024-05-25,CUST-0490,North,Marketplace,Electronics,New,7,172.53,0.1176,1389.75,305.75,Returned,2024-05
ORD-00363,2024-05-23,CUST-0210,Central,Retail,Home,Regular,4,80.16,0.169,351.69,94.96,Completed,2024-05
ORD-00364,2024-06-25,CUST-0029,South,Marketplace,Beauty,VIP,5,69.41,0.1108,342.86,113.14,Completed,2024-06
ORD-00365,2024-07-07,CUST-0078,East,Online,Beauty,Regular,3,46.6,0.2465,138.84,44.43,Completed,2024-07
ORD-00366,2024-10-11,CUST-0337,Central,Retail,Electronics,New,1,117.88,0.1144,123.18,27.1,Completed,2024-10
ORD-00367,2024-06-22,CUST-0104,South,Retail,Beauty,Regular,5,57.32,0.1611,255.48,74.09,Completed,2024-06
ORD-00368,2024-09-26,CUST-0006,South,Marketplace,Electronics,New,5,208.69,0.0556,1102.04,242.45,Completed,2024-09
ORD-00369,2024-08-30,CUST-0399,South,Marketplace,Fashion,New,4,80.87,0.16,364.92,116.77,Completed,2024-08
ORD-00370,2024-03-09,CUST-0168,North,Retail,Sports,Regular,2,61.87,0.0219,174.54,43.63,Completed,2024-03
ORD-00371,2024-02-23,CUST-0296,West,Retail,Sports,New,6,66.64,0.1069,447.5,111.88,Completed,2024-02
ORD-00372,2024-02-27,CUST-0325,East,Marketplace,Electronics,Regular,2,124.56,0.1689,257.91,56.74,Completed,2024-02
ORD-00373,2024-03-11,CUST-0437,West,Marketplace,Beauty,Regular,5,59.02,0.0645,441.7,128.09,Completed,2024-03
ORD-00374,2024-03-11,CUST-0274,North,Marketplace,Home,New,7,68.42,0.1177,688.32,185.85,Completed,2024-03
ORD-00375,2024-02-21,CUST-0236,South,Marketplace,Fashion,Regular,1,69.22,0.0536,71.55,22.9,Returned,2024-02
ORD-00376,2024-08-14,CUST-0373,Central,Retail,Fashion,New,2,47.25,0.1439,82.24,26.32,Completed,2024-08
ORD-00377,2024-05-01,CUST-0444,North,Marketplace,Beauty,New,3,64.01,0.1317,263.25,76.34,Completed,2024-05
ORD-00378,2024-10-07,CUST-0118,Central,Online,Electronics,New,4,150.54,0.2207,695.84,173.96,Completed,2024-10
ORD-00379,2024-03-04,CUST-0429,South,Retail,Electronics,New,6,171.04,0.0805,880.01,193.6,Completed,2024-03
ORD-00380,2024-05-15,CUST-0353,South,Retail,Home,VIP,1,92.43,0.0208,100.91,31.28,Completed,2024-05
ORD-00381,2024-11-23,CUST-0224,South,Online,Sports,Regular,4,90.08,0.2743,368.94,103.3,Completed,2024-11
ORD-00382,2024-09-05,CUST-0049,Central,Marketplace,Home,VIP,4,94.04,0.1453,427.48,132.52,Completed,2024-09
ORD-00383,2024-06-17,CUST-0135,West,Online,Electronics,New,4,170.58,0.1516,1091.11,272.78,Completed,2024-06
ORD-00384,2024-04-26,CUST-0091,South,Online,Fashion,New,5,72.17,0.1531,470.8,164.78,Completed,2024-04
ORD-00385,2024-01-26,CUST-0453,Central,Retail,Beauty,VIP,1,49.74,0.1178,46.95,15.49,Completed,2024-01
ORD-00386,2024-03-28,CUST-0390,South,Online,Electronics,Regular,3,186.57,0.1227,655.46,163.87,Completed,2024-03
ORD-00387,2024-09-29,CUST-0458,East,Marketplace,Sports,VIP,2,94.87,0.1743,154.18,44.71,Completed,2024-09
ORD-00388,2024-04-06,CUST-0085,North,Online,Home,New,2,110.04,0.0949,348.08,104.42,Returned,2024-04
ORD-00389,2024-04-16,CUST-0323,West,Online,Beauty,New,5,44.67,0.2657,257.28,82.33,Completed,2024-04
ORD-00390,2024-05-17,CUST-0316,West,Retail,Beauty,Regular,4,43.76,0.1277,190.68,55.3,Completed,2024-05
ORD-00391,2024-08-25,CUST-0227,North,Marketplace,Home,New,6,70.0,0.0509,526.99,142.29,Completed,2024-08
ORD-00392,2024-08-15,CUST-0450,West,Marketplace,Sports,New,2,59.08,0.0269,192.2,48.05,Completed,2024-08
ORD-00393,2024-07-27,CUST-0188,Central,Retail,Electronics,Regular,1,141.73,0.0477,135.01,29.7,Returned,2024-07
ORD-00394,2024-04-09,CUST-0356,Central,Retail,Beauty,Regular,1,67.24,0.0494,75.65,21.94,Completed,2024-04
ORD-00395,2024-04-19,CUST-0166,South,Marketplace,Electronics,New,4,118.88,0.0291,540.8,118.98,Completed,2024-04
ORD-00396,2024-10-10,CUST-0357,Central,Online,Sports,New,1,83.0,0.2088,86.51,24.22,Completed,2024-10
ORD-00397,2024-07-16,CUST-0336,North,Marketplace,Beauty,VIP,5,62.28,0.1775,328.55,108.42,Completed,2024-07
ORD-00398,2024-02-16,CUST-0254,Central,Marketplace,Home,New,1,109.19,0.0612,123.21,33.27,Completed,2024-02
ORD-00399,2024-01-10,CUST-0432,North,Marketplace,Electronics,Regular,2,126.04,0.0661,300.61,66.13,Completed,2024-01
ORD-00400,2024-03-30,CUST-0194,East,Retail,Beauty,Regular,6,57.05,0.0351,366.17,106.19,Completed,2024-03
ORD-00401,2024-07-15,CUST-0325,West,Online,Sports,VIP,6,98.58,0.1458,743.48,237.91,Completed,2024-07
ORD-00402,2024-03-18,CUST-0350,North,Marketplace,Electronics,New,2,189.48,0.1144,535.66,117.85,Completed,2024-03
ORD-00403,2024-04-02,CUST-0165,South,Retail,Electronics,New,1,138.88,0.1499,133.88,29.45,Completed,2024-04
ORD-00404,2024-03-09,CUST-0098,North,Marketplace,Sports,Regular,4,85.25,0.0974,404.65,101.16,Completed,2024-03
ORD-00405,2024-02-18,CUST-0067,East,Retail,Electronics,New,1,205.5,0.0656,178.63,39.3,Completed,2024-02
ORD-00406,2024-08-28,CUST-0150,Central,Marketplace,Fashion,VIP,6,48.42,0.109,375.6,135.22,Completed,2024-08
ORD-00407,2024-08-11,CUST-0276,Central,Online,Fashion,VIP,4,54.43,0.1625,288.81,112.64,Completed,2024-08
ORD-00408,2024-02-02,CUST-0022,North,Marketplace,Home,Regular,2,64.16,0.1314,164.56,44.43,Completed,2024-02
ORD-00409,2024-11-02,CUST-0381,South,Online,Home,New,7,109.96,0.0822,983.16,294.95,Returned,2024-11
ORD-00410,2024-03-04,CUST-0410,West,Marketplace,Beauty,Regular,4,54.64,0.1053,267.64,77.62,Completed,2024-03
ORD-00411,2024-08-19,CUST-0048,West,Retail,Electronics,New,1,130.69,0.1222,150.05,33.01,Completed,2024-08
ORD-00412,2024-01-14,CUST-0360,North,Online,Fashion,New,5,66.29,0.1631,512.3,179.3,Completed,2024-01
ORD-00413,2024-05-15,CUST-0014,West,Marketplace,Fashion,Regular,1,80.29,0.0711,132.88,42.52,Completed,2024-05
ORD-00414,2024-01-31,CUST-0013,West,Retail,Electronics,New,2,170.76,0.0315,500.74,110.16,Returned,2024-01
ORD-00415,2024-07-12,CUST-0032,East,Marketplace,Beauty,New,4,63.18,0.0363,261.43,75.81,Completed,2024-07
ORD-00416,2024-04-29,CUST-0400,North,Marketplace,Fashion,Regular,1,67.27,0.1555,93.21,29.83,Completed,2024-04
ORD-00417,2024-11-19,CUST-0138,East,Retail,Home,VIP,4,61.38,0.0588,216.92,67.25,Completed,2024-11
ORD-00418,2024-05-01,CUST-0260,East,Retail,Sports,New,7,70.59,0.1515,363.22,90.81,Completed,2024-05
ORD-00419,2024-09-12,CUST-0295,East,Retail,Beauty,Regular,1,64.4,0.0828,51.39,14.9,Completed,2024-09
ORD-00420,2024-11-22,CUST-0178,North,Online,Home,Regular,3,89.43,0.1605,383.36,115.01,Completed,2024-11
ORD-00421,2024-11-10,CUST-0298,South,Online,Home,Regular,7,76.52,0.126,661.54,198.46,Completed,2024-11
ORD-00422,2024-05-25,CUST-0019,North,Retail,Fashion,VIP,4,76.92,0.0461,368.28,132.58,Completed,2024-05
ORD-00423,2024-08-11,CUST-0477,North,Retail,Sports,Regular,3,68.05,0.1586,224.23,56.06,Returned,2024-08
ORD-00424,2024-07-07,CUST-0472,South,Retail,Beauty,Regular,7,53.16,0.063,395.76,114.77,Completed,2024-07
ORD-00425,2024-03-28,CUST-0463,Central,Retail,Electronics,Regular,7,119.33,0.0376,964.97,212.29,Completed,2024-03
ORD-00426,2024-11-06,CUST-0453,North,Retail,Sports,Regular,4,96.19,0.15,388.78,97.19,Completed,2024-11
ORD-00427,2024-11-15,CUST-0067,East,Marketplace,Electronics,Regular,7,162.09,0.0287,1153.49,253.77,Completed,2024-11
ORD-00428,2024-06-07,CUST-0425,West,Online,Beauty,New,1,67.32,0.1287,96.37,30.84,Completed,2024-06
ORD-00429,2024-05-06,CUST-0439,North,Retail,Fashion,New,7,79.59,0.1515,617.24,197.52,Completed,2024-05
ORD-00430,2024-11-24,CUST-0281,Central,Retail,Home,New,2,77.26,0.0716,169.67,45.81,Completed,2024-11
ORD-00431,2024-04-25,CUST-0182,South,Marketplace,Electronics,New,7,198.14,0.0739,1715.63,377.44,Completed,2024-04
ORD-00432,2024-04-06,CUST-0280,South,Marketplace,Sports,Regular,6,54.45,0.0256,428.18,107.05,Returned,2024-04
ORD-00433,2024-04-17,CUST-0396,Central,Online,Sports,New,1,75.87,0.2316,79.33,22.21,Completed,2024-04
ORD-00434,2024-09-23,CUST-0151,West,Online,Beauty,Regular,3,48.83,0.2724,177.51,56.8,Completed,2024-09
ORD-00435,2024-10-16,CUST-0216,East,Retail,Fashion,Regular,5,75.83,0.1654,316.76,101.36,Returned,2024-10
ORD-00436,2024-04-13,CUST-0281,East,Retail,Beauty,Regular,7,61.92,0.14,393.02,113.98,Completed,2024-04
ORD-00437,2024-10-15,CUST-0002,South,Retail,Fashion,Regular,7,76.95,0.1176,557.36,178.36,Completed,2024-10
ORD-00438,2024-03-25,CUST-0427,West,Marketplace,Beauty,New,3,52.31,0.1113,225.65,65.44,Completed,2024-03
ORD-00439,2024-12-19,CUST-0405,West,Online,Fashion,Regular,4,70.23,0.114,447.18,156.51,Returned,2024-12
ORD-00440,2024-02-15,CUST-0377,Central,Online,Sports,VIP,7,83.41,0.0896,832.99,266.56,Completed,2024-02
ORD-00441,2024-07-11,CUST-0191,East,Retail,Sports,New,5,78.48,0.0892,314.87,78.72,Completed,2024-07
ORD-00442,2024-05-18,CUST-0009,Central,Marketplace,Fashion,New,7,62.23,0.0463,601.7,192.54,Completed,2024-05
ORD-00443,2024-08-09,CUST-0152,South,Marketplace,Fashion,New,2,78.22,0.1071,159.14,50.92,Completed,2024-08
ORD-00444,2024-02-19,CUST-0498,South,Retail,Fashion,Regular,7,48.41,0.1563,311.2,99.58,Completed,2024-02
ORD-00445,2024-04-12,CUST-0399,South,Online,Fashion,New,1,63.18,0.2629,63.31,22.16,Completed,2024-04
ORD-00446,2024-07-09,CUST-0093,West,Retail,Fashion,VIP,7,81.47,0.15,646.08,232.59,Completed,2024-07
ORD-00447,2024-07-25,CUST-0071,Central,Online,Home,Regular,7,76.12,0.1525,633.74,190.12,Completed,2024-07
ORD-00448,2024-02-21,CUST-0037,Central,Retail,Home,Regular,2,100.2,0.1467,209.63,56.6,Completed,2024-02
ORD-00449,2024-05-25,CUST-0242,Central,Marketplace,Sports,New,1,91.5,0.0668,107.84,26.96,Completed,2024-05
ORD-00450,2024-03-24,CUST-0498,Central,Retail,Electronics,New,4,197.21,0.1613,746.71,164.28,Returned,2024-03
ORD-00451,2024-09-05,CUST-0110,South,Online,Electronics,Regular,7,203.68,0.0509,1693.35,423.34,Completed,2024-09
ORD-00452,2024-08-11,CUST-0164,North,Online,Home,Regular,3,92.29,0.2548,353.95,106.19,Completed,2024-08
ORD-00453,2024-06-09,CUST-0482,South,Retail,Electronics,New,2,172.94,0.0644,381.43,83.91,Completed,2024-06
ORD-00454,2024-05-27,CUST-0336,West,Retail,Fashion,VIP,2,68.75,0.0504,199.13,71.69,Completed,2024-05
ORD-00455,2024-07-07,CUST-0031,East,Marketplace,Fashion,Regular,3,75.65,0.0547,246.53,78.89,Completed,2024-07
ORD-00456,2024-08-23,CUST-0089,South,Marketplace,Electronics,Regular,5,117.08,0.1409,603.4,132.75,Completed,2024-08
ORD-00457,2024-04-09,CUST-0105,South,Retail,Sports,New,7,69.12,0.0525,430.23,107.56,Completed,2024-04
ORD-00458,2024-07-02,CUST-0029,North,Marketplace,Fashion,VIP,4,52.19,0.1653,272.83,98.22,Completed,2024-07
ORD-00459,2024-05-23,CUST-0065,South,Online,Fashion,New,3,58.63,0.1824,201.07,70.37,Completed,2024-05
ORD-00460,2024-09-26,CUST-0439,South,Online,Home,Regular,6,76.91,0.1814,443.24,132.97,Completed,2024-09
ORD-00461,2024-01-23,CUST-0244,West,Online,Electronics,New,6,130.08,0.0717,1390.95,347.74,Completed,2024-01
ORD-00462,2024-08-09,CUST-0300,West,Retail,Home,New,2,64.84,0.1068,151.64,40.94,Completed,2024-08
ORD-00463,2024-04-13,CUST-0215,South,Retail,Electronics,New,1,198.57,0.0591,211.21,46.47,Completed,2024-04
ORD-00464,2024-07-15,CUST-0335,North,Online,Electronics,New,2,155.03,0.2189,422.93,105.73,Completed,2024-07
ORD-00465,2024-12-15,CUST-0416,Central,Retail,Beauty,VIP,7,62.94,0.1483,428.23,141.32,Returned,2024-12
ORD-00466,2024-03-01,CUST-0216,West,Retail,Fashion,VIP,2,75.56,0.1479,159.59,57.45,Returned,2024-03
ORD-00467,2024-07-24,CUST-0453,West,Online,Beauty,VIP,2,57.67,0.1832,181.96,65.51,Completed,2024-07
ORD-00468,2024-03-21,CUST-0221,South,Retail,Beauty,Regular,6,45.5,0.0502,278.71,80.83,Completed,2024-03
ORD-00469,2024-01-06,CUST-0438,North,Online,Beauty,New,7,48.8,0.0961,502.44,160.78,Completed,2024-01
ORD-00470,2024-10-03,CUST-0172,East,Online,Beauty,Regular,3,47.19,0.114,140.12,44.84,Returned,2024-10
ORD-00471,2024-02-25,CUST-0125,Central,Retail,Home,New,3,63.07,0.1464,176.67,47.7,Completed,2024-02
ORD-00472,2024-03-22,CUST-0480,West,Online,Beauty,VIP,3,61.27,0.2381,236.35,85.09,Completed,2024-03
ORD-00473,2024-07-01,CUST-0480,West,Retail,Electronics,Regular,1,120.33,0.1538,125.26,27.56,Returned,2024-07
ORD-00474,2024-05-10,CUST-0064,East,Marketplace,Sports,VIP,4,71.01,0.1317,265.89,77.11,Completed,2024-05
ORD-00475,2024-01-04,CUST-0326,North,Marketplace,Electronics,Regular,1,175.59,0.1445,208.2,45.8,Completed,2024-01
ORD-00476,2024-02-17,CUST-0089,North,Online,Home,New,4,61.06,0.0862,375.84,112.75,Completed,2024-02
ORD-00477,2024-08-13,CUST-0069,Central,Online,Beauty,Regular,6,57.35,0.0642,452.41,144.77,Completed,2024-08
ORD-00478,2024-12-27,CUST-0420,East,Online,Home,Regular,6,100.35,0.1944,517.79,155.34,Completed,2024-12
ORD-00479,2024-07-19,CUST-0164,West,Retail,Fashion,New,1,80.02,0.1199,97.74,31.28,Completed,2024-07
ORD-00480,2024-10-13,CUST-0220,East,Retail,Fashion,New,1,70.4,0.0264,62.97,20.15,Completed,2024-10
ORD-00481,2024-05-10,CUST-0304,West,Marketplace,Beauty,Regular,1,70.63,0.1013,104.47,30.3,Completed,2024-05
ORD-00482,2024-07-07,CUST-0139,South,Online,Home,New,4,79.25,0.1399,338.28,101.48,Completed,2024-07
ORD-00483,2024-05-18,CUST-0041,Central,Online,Fashion,Regular,4,62.09,0.0565,324.49,113.57,Completed,2024-05
ORD-00484,2024-03-21,CUST-0129,Central,Retail,Home,Regular,1,92.56,0.0947,87.83,23.71,Completed,2024-03
ORD-00485,2024-02-29,CUST-0206,North,Marketplace,Electronics,VIP,5,112.19,0.1725,673.24,175.04,Completed,2024-02
ORD-00486,2024-05-10,CUST-0232,West,Retail,Sports,Regular,7,100.78,0.0263,1015.92,253.98,Returned,2024-05
ORD-00487,2024-10-30,CUST-0331,Central,Retail,Home,New,6,87.08,0.1037,557.69,150.58,Returned,2024-10
ORD-00488,2024-09-28,CUST-0096,South,Online,Fashion,New,4,49.52,0.2364,206.6,72.31,Completed,2024-09
ORD-00489,2024-02-08,CUST-0440,South,Retail,Beauty,Regular,4,56.78,0.1512,205.02,59.46,Completed,2024-02
ORD-00490,2024-10-23,CUST-0153,Central,Online,Home,New,2,87.23,0.1753,204.63,61.39,Completed,2024-10
ORD-00491,2024-06-27,CUST-0461,South,Marketplace,Sports,New,2,64.27,0.1096,155.91,38.98,Completed,2024-06
ORD-00492,2024-02-06,CUST-0293,North,Online,Sports,Regular,6,78.68,0.0583,670.13,187.64,Completed,2024-02
ORD-00493,2024-06-12,CUST-0047,South,Online,Beauty,Regular,6,40.85,0.0927,310.75,99.44,Completed,2024-06
ORD-00494,2024-10-30,CUST-0046,North,Online,Sports,New,6,96.09,0.1179,937.33,262.45,Completed,2024-10
ORD-00495,2024-08-18,CUST-0297,Central,Marketplace,Beauty,New,1,71.63,0.1715,76.56,22.2,Completed,2024-08
ORD-00496,2024-05-03,CUST-0137,South,Retail,Electronics,Regular,7,145.8,0.0345,948.44,208.66,Completed,2024-05
ORD-00497,2024-03-09,CUST-0073,East,Online,Electronics,VIP,5,163.14,0.0953,834.49,242.0,Completed,2024-03
ORD-00498,2024-11-27,CUST-0326,North,Retail,Electronics,Regular,7,120.56,0.0906,907.22,199.59,Completed,2024-11
ORD-00499,2024-01-04,CUST-0233,South,Online,Electronics,New,1,209.06,0.2791,199.33,49.83,Returned,2024-01
ORD-00500,2024-09-19,CUST-0008,North,Marketplace,Home,New,2,65.0,0.0925,158.65,42.84,Completed,2024-09
ORD-00501,2024-08-23,CUST-0121,West,Online,Home,VIP,3,88.27,0.0924,364.56,123.95,Completed,2024-08
ORD-00502,2024-05-29,CUST-0087,North,Online,Beauty,New,7,69.64,0.0599,753.8,241.22,Completed,2024-05
ORD-00503,2024-08-24,CUST-0360,South,Marketplace,Fashion,New,3,52.54,0.0509,207.84,66.51,Completed,2024-08
ORD-00504,2024-09-24,CUST-0331,West,Online,Sports,Regular,5,77.25,0.2582,463.86,129.88,Completed,2024-09
ORD-00505,2024-10-08,CUST-0196,West,Online,Fashion,New,1,56.06,0.2448,78.5,27.47,Completed,2024-10
ORD-00506,2024-11-22,CUST-0462,East,Retail,Beauty,New,5,54.55,0.0616,233.82,67.81,Completed,2024-11
ORD-00507,2024-05-02,CUST-0334,South,Online,Beauty,VIP,2,56.78,0.1532,143.73,51.74,Completed,2024-05
ORD-00508,2024-03-08,CUST-0400,South,Online,Sports,New,3,100.42,0.2118,329.65,92.3,Completed,2024-03
ORD-00509,2024-03-17,CUST-0347,North,Online,Beauty,New,6,68.98,0.0916,636.32,203.62,Completed,2024-03
ORD-00510,2024-08-07,CUST-0203,East,Marketplace,Electronics,New,6,175.62,0.1118,1048.85,230.75,Completed,2024-08
ORD-00511,2024-03-02,CUST-0155,South,Retail,Home,Regular,1,88.36,0.1677,81.55,22.02,Completed,2024-03
ORD-00512,2024-02-25,CUST-0382,North,Marketplace,Electronics,New,6,193.92,0.0498,1556.71,342.48,Completed,2024-02
ORD-00513,2024-03-19,CUST-0452,East,Online,Beauty,Regular,4,48.31,0.2015,180.39,57.72,Completed,2024-03
ORD-00514,2024-04-24,CUST-0364,Central,Marketplace,Electronics,Regular,1,201.7,0.103,264.38,58.16,Completed,2024-04
ORD-00515,2024-11-21,CUST-0134,West,Retail,Fashion,Regular,3,66.7,0.1584,224.45,71.82,Completed,2024-11
ORD-00516,2024-09-13,CUST-0193,Central,Retail,Beauty,VIP,3,71.88,0.0444,235.46,77.7,Completed,2024-09
ORD-00517,2024-07-23,CUST-0313,West,Retail,Sports,Regular,6,74.75,0.1017,462.57,115.64,Completed,2024-07
ORD-00518,2024-02-15,CUST-0398,East,Online,Sports,Regular,2,72.99,0.1717,144.81,40.55,Completed,2024-02
ORD-00519,2024-07-05,CUST-0345,East,Retail,Home,New,1,82.84,0.0865,75.18,20.3,Completed,2024-07
ORD-00520,2024-04-30,CUST-0004,East,Retail,Fashion,Regular,1,78.95,0.0314,68.57,21.94,Completed,2024-04
ORD-00521,2024-08-30,CUST-0198,East,Retail,Home,VIP,3,93.53,0.0598,251.75,78.04,Completed,2024-08
ORD-00522,2024-05-25,CUST-0353,East,Retail,Fashion,VIP,2,82.33,0.0672,153.38,55.22,Completed,2024-05
ORD-00523,2024-05-06,CUST-0449,West,Retail,Sports,Regular,5,88.95,0.0404,568.99,142.25,Completed,2024-05
ORD-00524,2024-06-27,CUST-0067,Central,Marketplace,Sports,New,7,57.71,0.0989,516.91,129.23,Completed,2024-06
ORD-00525,2024-12-29,CUST-0260,East,Retail,Sports,New,7,59.99,0.1615,304.91,76.23,Completed,2024-12
ORD-00526,2024-09-06,CUST-0307,South,Online,Sports,New,1,89.92,0.2227,82.25,23.03,Completed,2024-09
ORD-00527,2024-07-15,CUST-0178,East,Marketplace,Home,Regular,2,83.59,0.0382,165.76,44.76,Completed,2024-07
ORD-00528,2024-01-31,CUST-0342,West,Retail,Electronics,VIP,2,129.81,0.0223,304.85,79.26,Completed,2024-01
ORD-00529,2024-10-27,CUST-0089,South,Retail,Sports,Regular,7,80.9,0.0609,490.54,122.64,Returned,2024-10
ORD-00530,2024-06-20,CUST-0086,West,Retail,Beauty,New,4,51.31,0.1589,241.95,70.17,Completed,2024-06
ORD-00531,2024-08-19,CUST-0254,West,Marketplace,Sports,Regular,4,88.58,0.0621,441.81,110.45,Completed,2024-08
ORD-00532,2024-12-22,CUST-0075,North,Retail,Sports,New,2,63.29,0.1049,126.84,31.71,Completed,2024-12
ORD-00533,2024-11-03,CUST-0140,North,Retail,Fashion,VIP,7,80.93,0.162,666.91,240.09,Completed,2024-11
ORD-00534,2024-12-05,CUST-0407,West,Marketplace,Fashion,New,4,74.53,0.1411,394.61,126.28,Returned,2024-12
ORD-00535,2024-02-16,CUST-0021,Central,Marketplace,Sports,New,7,73.67,0.1571,613.13,153.28,Completed,2024-02
ORD-00536,2024-12-19,CUST-0065,North,Marketplace,Home,Regular,6,107.07,0.045,834.88,225.42,Completed,2024-12
ORD-00537,2024-07-30,CUST-0033,Central,Marketplace,Beauty,New,2,40.92,0.1144,93.69,27.17,Completed,2024-07
ORD-00538,2024-03-16,CUST-0344,East,Online,Fashion,Regular,3,62.16,0.2142,173.73,60.81,Returned,2024-03
ORD-00539,2024-09-22,CUST-0172,North,Online,Electronics,Regular,2,204.12,0.1943,580.68,145.17,Completed,2024-09
ORD-00540,2024-03-25,CUST-0310,South,Marketplace,Sports,New,4,98.89,0.1461,406.28,101.57,Completed,2024-03
ORD-00541,2024-08-03,CUST-0030,Central,Marketplace,Fashion,Regular,5,51.76,0.1082,329.37,105.4,Completed,2024-08
ORD-00542,2024-05-17,CUST-0469,Central,Online,Sports,New,5,57.62,0.159,306.83,85.91,Completed,2024-05
ORD-00543,2024-04-04,CUST-0405,North,Marketplace,Electronics,Regular,5,124.49,0.0399,817.93,179.94,Completed,2024-04
ORD-00544,2024-07-15,CUST-0438,West,Retail,Sports,Regular,4,79.13,0.1532,312.89,78.22,Completed,2024-07
ORD-00545,2024-09-10,CUST-0346,West,Retail,Electronics,VIP,2,205.32,0.0702,548.24,142.54,Completed,2024-09
ORD-00546,2024-09-16,CUST-0489,South,Marketplace,Fashion,Regular,7,72.67,0.0389,622.68,199.26,Completed,2024-09
ORD-00547,2024-06-09,CUST-0060,North,Marketplace,Fashion,New,7,63.71,0.0465,569.91,182.37,Completed,2024-06
ORD-00548,2024-06-04,CUST-0014,West,Marketplace,Electronics,VIP,2,163.16,0.0712,466.09,121.18,Completed,2024-06
ORD-00549,2024-02-08,CUST-0077,Central,Retail,Sports,New,4,88.68,0.1131,389.74,97.44,Completed,2024-02
ORD-00550,2024-04-06,CUST-0220,East,Online,Beauty,New,4,44.46,0.224,185.43,59.34,Completed,2024-04
ORD-00551,2024-09-05,CUST-0137,West,Marketplace,Beauty,New,5,54.14,0.1153,357.66,103.72,Completed,2024-09
ORD-00552,2024-05-15,CUST-0027,Central,Marketplace,Electronics,New,5,184.76,0.0441,1272.0,279.84,Completed,2024-05
ORD-00553,2024-12-14,CUST-0255,East,Marketplace,Electronics,New,5,141.89,0.0488,705.4,155.19,Completed,2024-12
ORD-00554,2024-05-09,CUST-0069,East,Online,Home,New,4,72.44,0.0569,379.67,113.9,Completed,2024-05
ORD-00555,2024-10-19,CUST-0284,Central,Online,Home,Regular,1,103.51,0.1043,126.69,38.01,Completed,2024-10
ORD-00556,2024-06-15,CUST-0456,North,Online,Home,VIP,5,65.76,0.1554,448.86,152.61,Completed,2024-06
ORD-00557,2024-04-13,CUST-0486,East,Marketplace,Electronics,Regular,4,176.03,0.1257,665.66,146.45,Completed,2024-04
ORD-00558,2024-09-05,CUST-0412,North,Marketplace,Fashion,New,5,60.21,0.0864,465.95,149.1,Completed,2024-09
ORD-00559,2024-08-31,CUST-0329,North,Marketplace,Electronics,New,3,209.21,0.0577,821.1,180.64,Completed,2024-08
ORD-00560,2024-01-07,CUST-0327,West,Online,Electronics,Regular,1,164.56,0.1047,284.19,71.05,Completed,2024-01
ORD-00561,2024-06-12,CUST-0121,East,Marketplace,Beauty,Regular,5,67.45,0.0648,317.25,92.0,Completed,2024-06
ORD-00562,2024-10-06,CUST-0425,South,Marketplace,Fashion,Regular,7,82.35,0.0372,659.48,211.03,Completed,2024-10
ORD-00563,2024-12-29,CUST-0385,East,Online,Fashion,VIP,1,44.73,0.1547,46.36,18.08,Completed,2024-12
ORD-00564,2024-01-03,CUST-0094,North,Retail,Home,New,7,99.71,0.0714,835.84,225.68,Completed,2024-01
ORD-00565,2024-11-09,CUST-0150,Central,Marketplace,Electronics,New,2,154.26,0.0678,353.84,77.84,Completed,2024-11
ORD-00566,2024-09-24,CUST-0425,North,Retail,Fashion,Regular,7,72.23,0.1093,609.4,195.01,Completed,2024-09
ORD-00567,2024-11-02,CUST-0159,South,Marketplace,Fashion,Regular,5,69.18,0.097,340.22,108.87,Completed,2024-11
ORD-00568,2024-01-08,CUST-0183,West,Retail,Sports,New,1,56.72,0.0247,73.94,18.48,Returned,2024-01
ORD-00569,2024-02-22,CUST-0126,South,Retail,Home,VIP,2,98.1,0.0654,207.23,64.24,Completed,2024-02
ORD-00570,2024-03-26,CUST-0373,North,Retail,Beauty,New,2,64.26,0.1359,151.23,43.86,Completed,2024-03
ORD-00571,2024-08-24,CUST-0406,Central,Marketplace,Home,New,7,68.42,0.1257,480.61,129.76,Completed,2024-08
ORD-00572,2024-08-19,CUST-0438,East,Marketplace,Fashion,New,1,50.27,0.0783,47.84,15.31,Completed,2024-08
ORD-00573,2024-04-22,CUST-0038,Central,Marketplace,Electronics,Regular,5,178.43,0.1465,1159.05,254.99,Completed,2024-04
ORD-00574,2024-09-03,CUST-0456,West,Retail,Beauty,Regular,3,60.03,0.1614,202.11,58.61,Completed,2024-09
ORD-00575,2024-12-20,CUST-0489,West,Online,Home,New,1,82.82,0.0918,123.37,37.01,Completed,2024-12
ORD-00576,2024-06-14,CUST-0326,West,Retail,Sports,VIP,3,87.72,0.0715,299.78,86.94,Completed,2024-06
ORD-00577,2024-09-19,CUST-0152,North,Online,Sports,VIP,4,86.54,0.1574,442.89,141.72,Completed,2024-09
ORD-00578,2024-07-31,CUST-0256,North,Retail,Fashion,New,5,52.29,0.1702,311.66,99.73,Completed,2024-07
ORD-00579,2024-07-03,CUST-0166,North,Retail,Beauty,Regular,7,44.96,0.0624,372.81,108.11,Completed,2024-07
ORD-00580,2024-08-15,CUST-0027,South,Retail,Home,Regular,7,77.87,0.1304,465.74,125.75,Completed,2024-08
ORD-00581,2024-07-18,CUST-0020,South,Online,Electronics,Regular,4,138.75,0.2788,495.81,123.95,Completed,2024-07
ORD-00582,2024-10-01,CUST-0401,South,Marketplace,Fashion,Regular,4,48.86,0.0399,258.49,82.72,Completed,2024-10
ORD-00583,2024-05-28,CUST-0078,Central,Online,Electronics,Regular,4,179.24,0.2608,674.12,168.53,Completed,2024-05
ORD-00584,2024-06-08,CUST-0170,East,Online,Fashion,Regular,7,77.68,0.113,564.01,197.4,Completed,2024-06
ORD-00585,2024-12-28,CUST-0071,North,Marketplace,Home,Regular,5,65.85,0.0412,521.56,140.82,Completed,2024-12
ORD-00586,2024-09-18,CUST-0368,Central,Marketplace,Electronics,Regular,3,209.7,0.0757,763.3,167.93,Completed,2024-09
ORD-00587,2024-06-02,CUST-0123,Central,Marketplace,Beauty,Regular,6,62.83,0.1567,444.45,128.89,Completed,2024-06
ORD-00588,2024-06-02,CUST-0388,East,Online,Fashion,Regular,7,81.63,0.1522,578.48,202.47,Completed,2024-06
ORD-00589,2024-04-04,CUST-0214,North,Marketplace,Home,New,4,68.79,0.0754,349.5,94.37,Completed,2024-04
ORD-00590,2024-04-05,CUST-0097,West,Retail,Sports,Regular,1,70.81,0.1145,75.21,18.8,Completed,2024-04
ORD-00591,2024-06-01,CUST-0306,East,Online,Fashion,New,7,46.7,0.1274,328.56,115.0,Completed,2024-06
ORD-00592,2024-01-22,CUST-0458,West,Marketplace,Fashion,New,3,57.22,0.0579,269.19,86.14,Completed,2024-01
ORD-00593,2024-10-02,CUST-0319,West,Online,Electronics,New,3,132.52,0.1019,565.62,141.41,Completed,2024-10
ORD-00594,2024-07-20,CUST-0308,North,Online,Electronics,New,5,197.15,0.0755,1490.86,372.71,Completed,2024-07
ORD-00595,2024-01-11,CUST-0272,South,Online,Fashion,VIP,2,59.98,0.2776,132.42,51.64,Completed,2024-01
ORD-00596,2024-04-27,CUST-0254,East,Marketplace,Fashion,VIP,6,60.88,0.0636,397.11,142.96,Completed,2024-04
ORD-00597,2024-09-26,CUST-0199,South,Retail,Beauty,Regular,2,38.55,0.0915,65.56,19.01,Completed,2024-09
ORD-00598,2024-06-27,CUST-0328,East,Retail,Electronics,New,6,142.24,0.1796,705.24,155.15,Completed,2024-06
ORD-00599,2024-05-25,CUST-0375,Central,Marketplace,Sports,New,5,60.91,0.1295,302.15,75.54,Completed,2024-05
ORD-00600,2024-10-02,CUST-0091,South,Marketplace,Sports,New,2,63.33,0.0967,152.87,38.22,Completed,2024-10
ORD-00601,2024-07-25,CUST-0231,East,Online,Home,New,3,102.78,0.2178,307.69,92.31,Completed,2024-07
ORD-00602,2024-06-16,CUST-0340,East,Retail,Fashion,Regular,2,63.55,0.1705,88.62,28.36,Completed,2024-06
ORD-00603,2024-03-21,CUST-0276,South,Marketplace,Fashion,Regular,7,71.51,0.0639,616.72,197.35,Completed,2024-03
ORD-00604,2024-12-23,CUST-0207,East,Online,Fashion,New,7,74.29,0.2591,449.53,157.34,Completed,2024-12
ORD-00605,2024-01-15,CUST-0413,West,Retail,Beauty,New,5,40.88,0.0217,240.38,69.71,Completed,2024-01
ORD-00606,2024-01-06,CUST-0215,Central,Retail,Fashion,New,5,59.2,0.0682,331.84,106.19,Completed,2024-01
ORD-00607,2024-06-05,CUST-0365,North,Marketplace,Beauty,New,3,65.47,0.0401,317.77,92.15,Completed,2024-06
ORD-00608,2024-07-08,CUST-0140,East,Marketplace,Beauty,New,4,55.38,0.1618,228.5,66.27,Completed,2024-07
ORD-00609,2024-11-09,CUST-0119,West,Marketplace,Electronics,New,3,155.37,0.1217,586.66,129.07,Completed,2024-11
ORD-00610,2024-07-09,CUST-0277,West,Online,Fashion,Regular,3,52.54,0.2065,203.03,71.06,Completed,2024-07
ORD-00611,2024-08-06,CUST-0170,North,Marketplace,Fashion,Regular,3,77.1,0.1553,307.31,98.34,Completed,2024-08
ORD-00612,2024-11-03,CUST-0140,South,Retail,Sports,New,7,75.44,0.063,527.25,131.81,Completed,2024-11
ORD-00613,2024-01-21,CUST-0396,South,Marketplace,Fashion,VIP,5,63.2,0.0662,407.46,146.69,Completed,2024-01
ORD-00614,2024-02-21,CUST-0061,West,Marketplace,Fashion,VIP,4,70.28,0.0547,407.93,146.85,Completed,2024-02
ORD-00615,2024-01-15,CUST-0407,South,Marketplace,Sports,New,1,90.04,0.1269,94.88,23.72,Returned,2024-01
ORD-00616,2024-12-27,CUST-0440,South,Retail,Electronics,New,5,158.49,0.0746,782.31,172.11,Completed,2024-12
ORD-00617,2024-04-27,CUST-0315,West,Retail,Home,Regular,7,101.35,0.0601,801.01,216.27,Completed,2024-04
ORD-00618,2024-10-11,CUST-0094,South,Marketplace,Beauty,Regular,4,67.24,0.0285,370.93,107.57,Completed,2024-10
ORD-00619,2024-12-06,CUST-0391,East,Retail,Sports,Regular,4,85.61,0.1306,313.51,78.38,Completed,2024-12
ORD-00620,2024-08-13,CUST-0119,South,Marketplace,Sports,New,7,95.27,0.0589,828.57,207.14,Completed,2024-08
ORD-00621,2024-03-22,CUST-0122,North,Marketplace,Electronics,Regular,4,135.09,0.0215,743.4,163.55,Completed,2024-03
ORD-00622,2024-07-31,CUST-0036,North,Retail,Beauty,Regular,6,49.05,0.1596,309.17,89.66,Completed,2024-07
ORD-00623,2024-01-22,CUST-0457,East,Retail,Home,Regular,3,107.81,0.0558,269.64,72.8,Completed,2024-01
ORD-00624,2024-03-30,CUST-0095,South,Online,Home,Regular,4,108.27,0.0737,600.41,180.12,Completed,2024-03
ORD-00625,2024-04-07,CUST-0112,West,Retail,Home,Regular,3,68.84,0.0954,258.83,69.88,Completed,2024-04
ORD-00626,2024-05-03,CUST-0084,South,Retail,Beauty,Regular,5,39.87,0.0903,203.07,58.89,Completed,2024-05
ORD-00627,2024-11-02,CUST-0266,West,Marketplace,Fashion,New,5,51.87,0.1362,325.85,104.27,Completed,2024-11
ORD-00628,2024-11-08,CUST-0219,East,Marketplace,Fashion,Regular,7,79.4,0.1544,555.19,177.66,Completed,2024-11
ORD-00629,2024-04-27,CUST-0161,West,Online,Beauty,New,4,58.29,0.0559,411.49,131.68,Completed,2024-04
ORD-00630,2024-01-25,CUST-0099,North,Marketplace,Fashion,Regular,2,78.49,0.0504,238.92,76.45,Completed,2024-01
ORD-00631,2024-02-17,CUST-0199,South,Online,Electronics,New,4,136.09,0.2797,582.97,145.74,Completed,2024-02
ORD-00632,2024-12-18,CUST-0211,North,Retail,Sports,New,7,80.99,0.0392,652.25,163.06,Completed,2024-12
ORD-00633,2024-01-21,CUST-0028,East,Marketplace,Fashion,Regular,4,50.49,0.0458,196.01,62.72,Completed,2024-01
ORD-00634,2024-03-17,CUST-0179,Central,Online,Fashion,Regular,1,54.64,0.1657,63.11,22.09,Completed,2024-03
ORD-00635,2024-03-24,CUST-0112,East,Marketplace,Fashion,VIP,5,62.79,0.0439,363.49,130.86,Completed,2024-03
ORD-00636,2024-11-03,CUST-0026,North,Retail,Fashion,New,3,79.92,0.0862,274.26,87.76,Completed,2024-11
ORD-00637,2024-09-30,CUST-0379,Central,Marketplace,Home,New,1,78.04,0.0783,97.34,26.28,Returned,2024-09
ORD-00638,2024-01-06,CUST-0431,West,Marketplace,Beauty,Regular,7,57.33,0.0671,600.39,174.11,Completed,2024-01
ORD-00639,2024-09-28,CUST-0144,Central,Online,Fashion,New,6,63.63,0.2424,434.1,151.94,Completed,2024-09
ORD-00640,2024-09-30,CUST-0463,West,Retail,Sports,New,1,83.03,0.1427,95.52,23.88,Completed,2024-09
ORD-00641,2024-09-11,CUST-0277,West,Retail,Home,New,2,89.01,0.0267,212.3,57.32,Completed,2024-09
ORD-00642,2024-10-11,CUST-0088,Central,Retail,Sports,New,7,64.85,0.0964,471.58,117.89,Completed,2024-10
ORD-00643,2024-07-10,CUST-0421,North,Online,Electronics,New,3,172.91,0.1795,778.42,194.6,Completed,2024-07
ORD-00644,2024-04-04,CUST-0242,South,Online,Sports,VIP,6,96.97,0.1137,612.35,195.95,Completed,2024-04
ORD-00645,2024-12-24,CUST-0002,East,Retail,Home,New,3,77.05,0.1143,189.22,51.09,Completed,2024-12
ORD-00646,2024-12-23,CUST-0208,Central,Retail,Sports,New,7,85.29,0.1374,635.54,158.88,Completed,2024-12
ORD-00647,2024-04-01,CUST-0313,North,Marketplace,Home,Regular,6,103.95,0.0275,780.33,210.69,Completed,2024-04
ORD-00648,2024-03-31,CUST-0264,North,Retail,Electronics,Regular,7,176.47,0.0816,1531.82,337.0,Completed,2024-03
ORD-00649,2024-05-04,CUST-0265,North,Online,Sports,New,6,97.0,0.1817,814.03,227.93,Completed,2024-05
ORD-00650,2024-09-28,CUST-0487,North,Online,Beauty,VIP,1,53.29,0.1292,76.2,27.43,Completed,2024-09
ORD-00651,2024-12-28,CUST-0230,South,Marketplace,Electronics,New,3,128.67,0.0232,527.79,116.11,Completed,2024-12
ORD-00652,2024-02-26,CUST-0123,North,Marketplace,Electronics,Regular,7,206.34,0.1658,1763.71,388.02,Completed,2024-02
ORD-00653,2024-03-29,CUST-0062,South,Retail,Electronics,New,1,122.03,0.1097,102.65,22.58,Completed,2024-03
ORD-00654,2024-06-05,CUST-0003,East,Marketplace,Fashion,New,1,51.43,0.0577,61.94,19.82,Completed,2024-06
ORD-00655,2024-03-15,CUST-0313,East,Online,Fashion,Regular,5,51.09,0.0748,298.93,104.63,Completed,2024-03
ORD-00656,2024-04-09,CUST-0131,North,Marketplace,Home,New,7,84.19,0.1245,698.71,188.65,Completed,2024-04
ORD-00657,2024-07-19,CUST-0032,North,Marketplace,Sports,Regular,5,66.69,0.1486,469.17,117.29,Completed,2024-07
ORD-00658,2024-12-29,CUST-0097,West,Retail,Fashion,New,4,69.06,0.1136,365.64,117.0,Completed,2024-12
ORD-00659,2024-10-31,CUST-0435,South,Online,Electronics,New,7,201.86,0.1628,1780.29,445.07,Returned,2024-10
ORD-00660,2024-08-05,CUST-0378,Central,Marketplace,Sports,New,7,81.88,0.1351,705.41,176.35,Completed,2024-08
ORD-00661,2024-10-04,CUST-0189,Central,Online,Home,VIP,2,70.49,0.0758,192.3,65.38,Completed,2024-10
ORD-00662,2024-11-08,CUST-0224,South,Retail,Beauty,New,5,67.39,0.1269,323.07,93.69,Completed,2024-11
ORD-00663,2024-04-12,CUST-0047,Central,Retail,Home,New,6,89.09,0.1181,515.39,139.16,Completed,2024-04
ORD-00664,2024-02-29,CUST-0147,North,Retail,Beauty,VIP,5,44.58,0.0651,247.66,81.73,Completed,2024-02
ORD-00665,2024-12-21,CUST-0198,South,Online,Beauty,New,1,39.75,0.2611,37.72,12.07,Completed,2024-12
ORD-00666,2024-06-29,CUST-0021,North,Marketplace,Beauty,VIP,3,43.28,0.0434,207.79,68.57,Completed,2024-06
ORD-00667,2024-10-07,CUST-0371,East,Online,Home,Regular,2,72.95,0.087,178.87,53.66,Completed,2024-10
ORD-00668,2024-05-01,CUST-0139,West,Marketplace,Beauty,Regular,2,49.81,0.0268,154.08,44.68,Completed,2024-05
ORD-00669,2024-11-05,CUST-0374,South,Retail,Electronics,Regular,6,177.29,0.0526,1161.35,255.5,Completed,2024-11
ORD-00670,2024-07-12,CUST-0464,West,Retail,Beauty,VIP,3,58.41,0.0867,234.76,77.47,Completed,2024-07
ORD-00671,2024-05-31,CUST-0450,West,Online,Electronics,New,6,198.68,0.2689,1599.37,399.84,Completed,2024-05
ORD-00672,2024-01-16,CUST-0498,Central,Online,Home,New,4,61.59,0.1874,306.46,91.94,Completed,2024-01
ORD-00673,2024-04-18,CUST-0414,South,Marketplace,Beauty,New,5,45.76,0.1315,223.74,64.88,Completed,2024-04
ORD-00674,2024-04-09,CUST-0096,South,Online,Beauty,New,2,53.71,0.2639,103.44,33.1,Completed,2024-04
ORD-00675,2024-10-28,CUST-0206,Central,Online,Fashion,New,5,56.02,0.1249,307.29,107.55,Completed,2024-10
ORD-00676,2024-07-07,CUST-0074,West,Online,Home,New,6,89.02,0.2178,636.06,190.82,Completed,2024-07
ORD-00677,2024-10-02,CUST-0387,South,Retail,Sports,New,1,70.17,0.0502,70.74,17.68,Completed,2024-10
ORD-00678,2024-05-01,CUST-0177,North,Online,Sports,New,1,72.72,0.1626,84.21,23.58,Completed,2024-05
ORD-00679,2024-12-02,CUST-0408,Central,Online,Beauty,VIP,3,69.58,0.1882,241.89,87.08,Completed,2024-12
ORD-00680,2024-10-23,CUST-0046,West,Online,Fashion,Regular,2,75.95,0.097,208.29,72.9,Returned,2024-10
ORD-00681,2024-01-27,CUST-0369,North,Retail,Sports,Regular,1,100.12,0.0633,115.08,28.77,Completed,2024-01
ORD-00682,2024-09-25,CUST-0287,East,Retail,Fashion,New,1,72.78,0.0479,68.68,21.98,Returned,2024-09
ORD-00683,2024-03-05,CUST-0032,North,Online,Beauty,New,1,61.43,0.0755,98.67,31.57,Completed,2024-03
ORD-00684,2024-04-17,CUST-0071,North,Online,Sports,Regular,4,79.07,0.0722,413.89,115.89,Completed,2024-04
ORD-00685,2024-08-08,CUST-0065,Central,Marketplace,Home,Regular,1,71.0,0.0922,98.57,26.61,Completed,2024-08
ORD-00686,2024-10-04,CUST-0183,North,Online,Electronics,New,7,198.62,0.2599,1491.15,372.79,Completed,2024-10
ORD-00687,2024-08-16,CUST-0331,East,Retail,Beauty,New,7,46.37,0.0717,273.96,79.45,Completed,2024-08
ORD-00688,2024-11-30,CUST-0128,Central,Online,Home,New,4,68.99,0.1666,346.56,103.97,Completed,2024-11
ORD-00689,2024-05-04,CUST-0200,Central,Retail,Home,New,4,101.26,0.1146,416.89,112.56,Completed,2024-05
ORD-00690,2024-02-01,CUST-0490,East,Marketplace,Home,New,2,69.24,0.0508,152.63,41.21,Completed,2024-02
ORD-00691,2024-08-19,CUST-0337,East,Online,Home,New,4,74.79,0.2605,249.81,74.94,Completed,2024-08
ORD-00692,2024-02-18,CUST-0420,Central,Marketplace,Sports,New,4,79.1,0.0755,418.65,104.66,Completed,2024-02
ORD-00693,2024-06-14,CUST-0001,South,Online,Beauty,New,6,70.72,0.1764,487.09,155.87,Completed,2024-06
ORD-00694,2024-01-15,CUST-0311,East,Retail,Home,VIP,5,95.22,0.0928,369.24,114.46,Completed,2024-01
ORD-00695,2024-04-30,CUST-0439,South,Retail,Electronics,Regular,2,141.67,0.0733,251.98,55.44,Completed,2024-04
ORD-00696,2024-04-04,CUST-0088,Central,Online,Home,New,2,108.97,0.1068,253.74,76.12,Completed,2024-04
ORD-00697,2024-09-25,CUST-0010,North,Retail,Sports,New,6,78.26,0.158,451.29,112.82,Completed,2024-09
ORD-00698,2024-02-09,CUST-0376,Central,Retail,Beauty,VIP,6,61.86,0.0815,417.28,137.7,Completed,2024-02
ORD-00699,2024-09-26,CUST-0148,West,Retail,Sports,Regular,1,77.7,0.1182,99.74,24.93,Completed,2024-09
ORD-00700,2024-04-10,CUST-0317,East,Retail,Electronics,Regular,2,201.7,0.0862,359.4,79.07,Completed,2024-04
ORD-00701,2024-12-24,CUST-0455,East,Retail,Electronics,VIP,4,165.71,0.109,597.03,155.23,Completed,2024-12
ORD-00702,2024-07-20,CUST-0355,East,Online,Beauty,New,4,48.04,0.1999,175.25,56.08,Completed,2024-07
ORD-00703,2024-02-24,CUST-0035,East,Online,Sports,Regular,7,75.48,0.1217,595.47,166.73,Completed,2024-02
ORD-00704,2024-12-04,CUST-0384,North,Marketplace,Beauty,Regular,5,40.38,0.0686,252.86,73.33,Completed,2024-12
ORD-00705,2024-12-21,CUST-0334,East,Online,Electronics,New,3,137.73,0.2136,410.7,102.67,Completed,2024-12
ORD-00706,2024-03-02,CUST-0188,South,Online,Beauty,Regular,1,59.32,0.1023,63.09,20.19,Completed,2024-03
ORD-00707,2024-12-27,CUST-0223,East,Online,Electronics,VIP,1,169.9,0.1329,166.62,48.32,Completed,2024-12
ORD-00708,2024-09-14,CUST-0373,Central,Marketplace,Beauty,New,6,52.46,0.0225,364.49,105.7,Completed,2024-09
ORD-00709,2024-01-17,CUST-0446,South,Marketplace,Beauty,New,5,60.48,0.1532,352.67,102.27,Completed,2024-01
ORD-00710,2024-09-06,CUST-0451,South,Retail,Fashion,Regular,5,50.35,0.1125,230.16,73.65,Completed,2024-09
ORD-00711,2024-11-02,CUST-0292,Central,Retail,Home,New,6,82.08,0.0224,503.28,135.89,Completed,2024-11
ORD-00712,2024-12-17,CUST-0053,West,Online,Sports,Regular,1,79.84,0.2468,95.42,26.72,Completed,2024-12
ORD-00713,2024-03-04,CUST-0027,North,Retail,Sports,VIP,5,93.61,0.0356,624.08,180.98,Completed,2024-03
ORD-00714,2024-08-30,CUST-0419,East,Online,Fashion,VIP,4,46.22,0.1917,188.2,73.4,Completed,2024-08
ORD-00715,2024-04-26,CUST-0099,Central,Marketplace,Beauty,New,3,66.16,0.1795,191.0,55.39,Completed,2024-04
ORD-00716,2024-09-25,CUST-0444,West,Online,Electronics,New,5,190.44,0.2528,1140.28,285.07,Completed,2024-09
ORD-00717,2024-05-30,CUST-0443,Central,Online,Home,New,5,95.74,0.256,586.94,176.08,Completed,2024-05
ORD-00718,2024-11-27,CUST-0190,West,Marketplace,Beauty,VIP,2,62.58,0.1225,190.49,62.86,Completed,2024-11
ORD-00719,2024-05-12,CUST-0477,West,Retail,Electronics,New,7,206.93,0.1748,1545.07,339.92,Completed,2024-05
ORD-00720,2024-04-16,CUST-0305,West,Online,Beauty,New,3,43.2,0.1634,159.03,50.89,Completed,2024-04
ORD-00721,2024-09-05,CUST-0465,North,Online,Sports,Regular,3,76.77,0.1451,330.35,92.5,Completed,2024-09
ORD-00722,2024-08-22,CUST-0438,South,Marketplace,Beauty,Regular,2,46.56,0.1043,89.23,25.88,Completed,2024-08
ORD-00723,2024-09-09,CUST-0044,West,Marketplace,Fashion,Regular,7,82.33,0.1791,813.75,260.4,Completed,2024-09
ORD-00724,2024-07-08,CUST-0407,South,Online,Beauty,VIP,7,65.68,0.1565,554.72,199.7,Completed,2024-07
ORD-00725,2024-05-03,CUST-0313,North,Online,Electronics,Regular,1,162.9,0.2587,189.75,47.44,Completed,2024-05
ORD-00726,2024-11-21,CUST-0282,East,Marketplace,Beauty,Regular,6,55.49,0.1363,359.28,104.19,Completed,2024-11
ORD-00727,2024-05-14,CUST-0038,North,Retail,Beauty,Regular,6,61.21,0.1346,443.7,128.67,Completed,2024-05
ORD-00728,2024-03-31,CUST-0205,South,Retail,Home,New,3,96.54,0.1553,236.7,63.91,Completed,2024-03
ORD-00729,2024-06-14,CUST-0124,South,Retail,Electronics,Regular,6,163.49,0.1467,843.09,185.48,Completed,2024-06
ORD-00730,2024-10-27,CUST-0049,South,Retail,Beauty,Regular,2,67.77,0.102,118.71,34.43,Completed,2024-10
ORD-00731,2024-04-09,CUST-0284,South,Marketplace,Home,New,5,84.27,0.1623,401.37,108.37,Returned,2024-04
ORD-00732,2024-09-15,CUST-0431,North,Marketplace,Beauty,VIP,6,39.2,0.0602,359.91,118.77,Completed,2024-09
ORD-00733,2024-11-03,CUST-0126,East,Retail,Fashion,Regular,7,67.16,0.0249,481.76,154.16,Completed,2024-11
ORD-00734,2024-12-27,CUST-0358,West,Retail,Home,Regular,4,66.74,0.0512,317.97,85.85,Completed,2024-12
ORD-00735,2024-07-29,CUST-0239,North,Retail,Electronics,New,1,171.52,0.0482,195.89,43.1,Completed,2024-07
ORD-00736,2024-03-15,CUST-0479,South,Online,Home,Regular,5,85.86,0.0597,490.75,147.23,Completed,2024-03
ORD-00737,2024-09-27,CUST-0294,Central,Marketplace,Electronics,VIP,6,162.74,0.1556,1188.28,308.95,Completed,2024-09
ORD-00738,2024-04-18,CUST-0031,North,Online,Sports,Regular,7,94.06,0.0563,1096.95,307.15,Completed,2024-04
ORD-00739,2024-10-27,CUST-0312,East,Online,Sports,Regular,1,68.31,0.0807,68.74,19.25,Returned,2024-10
ORD-00740,2024-07-20,CUST-0297,East,Retail,Home,New,4,101.89,0.1443,321.43,86.79,Completed,2024-07
ORD-00741,2024-07-13,CUST-0151,East,Marketplace,Electronics,Regular,6,167.03,0.0471,1188.83,261.54,Completed,2024-07
ORD-00742,2024-08-22,CUST-0124,Central,Online,Electronics,VIP,5,142.32,0.1073,937.02,271.74,Completed,2024-08
ORD-00743,2024-01-08,CUST-0418,South,Retail,Home,Regular,7,96.37,0.1151,699.91,188.98,Completed,2024-01
ORD-00744,2024-11-21,CUST-0334,North,Retail,Home,New,4,79.34,0.1243,352.03,95.05,Completed,2024-11
ORD-00745,2024-07-04,CUST-0320,East,Marketplace,Electronics,New,2,165.51,0.032,343.7,75.61,Completed,2024-07
ORD-00746,2024-11-09,CUST-0155,North,Online,Electronics,Regular,2,180.05,0.1054,489.16,122.29,Completed,2024-11
ORD-00747,2024-05-07,CUST-0024,West,Retail,Beauty,New,3,56.39,0.1793,170.53,49.45,Returned,2024-05
ORD-00748,2024-09-04,CUST-0333,West,Retail,Home,New,1,86.3,0.1063,98.27,26.53,Completed,2024-09
ORD-00749,2024-08-15,CUST-0189,West,Marketplace,Home,New,3,109.88,0.0973,487.32,131.58,Completed,2024-08
ORD-00750,2024-09-06,CUST-0188,Central,Retail,Sports,Regular,1,82.04,0.1505,87.74,21.93,Completed,2024-09
ORD-00751,2024-07-04,CUST-0079,East,Online,Electronics,Regular,4,117.97,0.1647,540.69,135.17,Completed,2024-07
ORD-00752,2024-05-18,CUST-0351,West,Online,Sports,Regular,7,54.88,0.194,455.05,127.41,Completed,2024-05
ORD-00753,2024-12-27,CUST-0474,North,Retail,Sports,Regular,5,101.0,0.1629,603.8,150.95,Completed,2024-12
ORD-00754,2024-02-16,CUST-0059,Central,Online,Sports,New,6,98.37,0.09,769.85,215.56,Completed,2024-02
ORD-00755,2024-04-04,CUST-0438,North,Online,Electronics,VIP,3,201.41,0.1154,847.51,245.78,Completed,2024-04
ORD-00756,2024-05-27,CUST-0498,East,Marketplace,Electronics,Regular,6,163.81,0.0821,902.66,198.59,Completed,2024-05
ORD-00757,2024-04-25,CUST-0272,South,Retail,Fashion,New,2,76.69,0.056,133.81,42.82,Completed,2024-04
ORD-00758,2024-12-07,CUST-0443,North,Retail,Fashion,Regular,1,68.45,0.0845,78.09,24.99,Completed,2024-12
ORD-00759,2024-10-29,CUST-0113,South,Marketplace,Sports,Regular,6,68.15,0.0418,421.01,105.25,Completed,2024-10
ORD-00760,2024-06-03,CUST-0262,North,Online,Electronics,Regular,1,173.33,0.1323,269.75,67.44,Completed,2024-06
ORD-00761,2024-01-25,CUST-0042,North,Online,Electronics,Regular,5,121.38,0.2341,695.72,173.93,Completed,2024-01
ORD-00762,2024-11-06,CUST-0059,South,Online,Beauty,New,1,59.11,0.1896,62.41,19.97,Returned,2024-11
ORD-00763,2024-06-05,CUST-0070,North,Online,Fashion,Regular,3,65.29,0.0955,315.93,110.58,Completed,2024-06
ORD-00764,2024-09-21,CUST-0065,East,Marketplace,Sports,VIP,1,71.9,0.1161,69.77,20.23,Completed,2024-09
ORD-00765,2024-06-23,CUST-0381,South,Online,Sports,New,1,72.81,0.0803,77.15,21.6,Completed,2024-06
ORD-00766,2024-03-24,CUST-0171,North,Retail,Home,Regular,2,63.48,0.0709,129.13,34.87,Completed,2024-03
ORD-00767,2024-12-12,CUST-0320,East,Online,Electronics,New,3,183.06,0.1106,560.38,140.09,Completed,2024-12
ORD-00768,2024-04-09,CUST-0223,Central,Retail,Electronics,New,2,130.55,0.0451,298.65,65.7,Completed,2024-04
ORD-00769,2024-04-06,CUST-0163,West,Marketplace,Beauty,Regular,6,69.26,0.1373,592.61,171.86,Completed,2024-04
ORD-00770,2024-03-13,CUST-0049,South,Marketplace,Home,New,2,83.69,0.0269,228.08,61.58,Completed,2024-03
ORD-00771,2024-02-25,CUST-0285,West,Online,Fashion,New,2,78.33,0.2,209.51,73.33,Completed,2024-02
ORD-00772,2024-12-19,CUST-0212,South,Online,Beauty,VIP,3,51.58,0.1485,204.42,73.59,Completed,2024-12
ORD-00773,2024-07-11,CUST-0215,West,Retail,Home,New,7,61.93,0.1045,544.88,147.12,Completed,2024-07
ORD-00774,2024-09-07,CUST-0132,North,Online,Beauty,Regular,1,59.33,0.1905,69.44,22.22,Completed,2024-09
ORD-00775,2024-11-16,CUST-0208,North,Retail,Fashion,New,1,74.35,0.0438,104.57,33.46,Completed,2024-11
ORD-00776,2024-01-19,CUST-0093,East,Retail,Fashion,Regular,4,49.67,0.1284,159.45,51.02,Completed,2024-01
ORD-00777,2024-12-03,CUST-0375,North,Online,Sports,New,4,72.58,0.1877,343.16,96.08,Completed,2024-12
ORD-00778,2024-08-30,CUST-0218,East,Retail,Beauty,New,4,53.34,0.0546,177.25,51.4,Completed,2024-08
ORD-00779,2024-07-25,CUST-0156,East,Retail,Electronics,Regular,2,156.32,0.0894,278.81,61.34,Completed,2024-07
ORD-00780,2024-12-17,CUST-0038,Central,Marketplace,Home,New,1,82.09,0.127,97.27,26.26,Completed,2024-12
ORD-00781,2024-12-18,CUST-0396,West,Online,Electronics,New,2,128.37,0.071,459.3,114.83,Returned,2024-12
ORD-00782,2024-05-09,CUST-0103,West,Online,Home,Regular,2,82.54,0.1321,272.74,81.82,Completed,2024-05
ORD-00783,2024-12-26,CUST-0123,West,Marketplace,Electronics,Regular,5,198.72,0.0421,1566.02,344.52,Completed,2024-12
ORD-00784,2024-09-19,CUST-0400,East,Retail,Sports,New,2,56.18,0.0245,98.72,24.68,Completed,2024-09
ORD-00785,2024-08-13,CUST-0363,East,Marketplace,Electronics,New,3,132.6,0.125,343.91,75.66,Completed,2024-08
ORD-00786,2024-05-22,CUST-0044,West,Marketplace,Home,New,4,104.03,0.1097,654.78,176.79,Completed,2024-05
ORD-00787,2024-04-08,CUST-0464,South,Retail,Sports,Regular,7,97.61,0.1786,654.49,163.62,Completed,2024-04
ORD-00788,2024-04-25,CUST-0482,Central,Marketplace,Beauty,New,4,45.27,0.0999,195.12,56.58,Completed,2024-04
ORD-00789,2024-05-03,CUST-0424,West,Marketplace,Electronics,Regular,4,146.24,0.1335,867.17,190.78,Completed,2024-05
ORD-00790,2024-01-16,CUST-0253,Central,Marketplace,Electronics,Regular,1,164.09,0.133,195.05,42.91,Completed,2024-01
ORD-00791,2024-12-25,CUST-0055,South,Online,Home,VIP,2,91.37,0.0924,229.79,78.13,Completed,2024-12
ORD-00792,2024-04-05,CUST-0478,East,Online,Home,New,1,86.73,0.158,87.35,26.21,Completed,2024-04
ORD-00793,2024-04-06,CUST-0357,East,Retail,Home,New,5,105.83,0.1649,427.85,115.52,Completed,2024-04
ORD-00794,2024-05-30,CUST-0363,South,Marketplace,Beauty,VIP,3,55.03,0.1302,200.42,66.14,Completed,2024-05
ORD-00795,2024-02-07,CUST-0250,West,Retail,Fashion,New,7,56.63,0.1708,436.64,139.72,Completed,2024-02
ORD-00796,2024-07-25,CUST-0065,South,Online,Beauty,Regular,4,67.61,0.1326,289.68,92.7,Completed,2024-07
ORD-00797,2024-05-20,CUST-0026,East,Online,Beauty,VIP,2,71.1,0.2119,126.83,45.66,Completed,2024-05
ORD-00798,2024-05-12,CUST-0231,South,Marketplace,Sports,New,6,87.99,0.1595,592.1,148.03,Completed,2024-05
ORD-00799,2024-08-11,CUST-0065,North,Online,Sports,New,2,100.87,0.0964,306.7,85.88,Completed,2024-08
ORD-00800,2024-12-25,CUST-0379,South,Online,Electronics,Regular,1,189.73,0.0858,256.73,64.18,Completed,2024-12
ORD-00801,2024-11-16,CUST-0262,North,Online,Home,New,1,70.22,0.2166,81.46,24.44,Returned,2024-11
ORD-00802,2024-06-15,CUST-0379,West,Online,Home,New,3,82.79,0.2678,276.31,82.89,Completed,2024-06
ORD-00803,2024-02-05,CUST-0345,East,Online,Home,VIP,5,77.92,0.1714,434.28,147.66,Completed,2024-02
ORD-00804,2024-04-04,CUST-0198,North,Marketplace,Electronics,New,2,157.74,0.0418,441.49,97.13,Completed,2024-04
ORD-00805,2024-04-25,CUST-0194,North,Retail,Sports,Regular,5,78.53,0.0703,479.08,119.77,Completed,2024-04
ORD-00806,2024-09-29,CUST-0406,East,Marketplace,Sports,Regular,6,65.14,0.0445,420.78,105.19,Completed,2024-09
ORD-00807,2024-01-04,CUST-0143,West,Retail,Beauty,New,1,54.89,0.0638,73.9,21.43,Completed,2024-01
ORD-00808,2024-09-26,CUST-0356,East,Online,Beauty,Regular,1,45.96,0.2199,41.39,13.24,Completed,2024-09
ORD-00809,2024-01-16,CUST-0368,East,Retail,Sports,New,7,99.81,0.1586,595.89,148.97,Completed,2024-01
ORD-00810,2024-10-06,CUST-0023,Central,Marketplace,Fashion,New,1,74.43,0.0878,86.28,27.61,Completed,2024-10
ORD-00811,2024-09-10,CUST-0367,West,Online,Fashion,VIP,6,81.5,0.2544,646.17,252.01,Completed,2024-09
ORD-00812,2024-06-16,CUST-0332,North,Online,Sports,New,5,94.82,0.0869,599.96,167.99,Completed,2024-06
ORD-00813,2024-08-27,CUST-0293,East,Online,Fashion,New,2,79.22,0.1252,191.31,66.96,Completed,2024-08
ORD-00814,2024-12-01,CUST-0024,West,Online,Electronics,VIP,2,169.7,0.1823,420.38,121.91,Completed,2024-12
ORD-00815,2024-10-11,CUST-0235,North,Online,Beauty,New,1,62.98,0.1998,76.95,24.62,Completed,2024-10
ORD-00816,2024-01-24,CUST-0110,Central,Online,Fashion,New,7,57.18,0.2799,359.57,125.85,Completed,2024-01
ORD-00817,2024-01-05,CUST-0496,East,Online,Electronics,New,3,181.05,0.0617,570.55,142.64,Completed,2024-01
ORD-00818,2024-06-18,CUST-0371,North,Marketplace,Fashion,Regular,7,78.35,0.0595,770.87,246.68,Returned,2024-06
ORD-00819,2024-08-31,CUST-0280,South,Online,Sports,New,1,88.75,0.1144,98.16,27.48,Completed,2024-08
ORD-00820,2024-01-31,CUST-0191,Central,Marketplace,Electronics,New,1,195.7,0.0431,229.22,50.43,Completed,2024-01
ORD-00821,2024-02-17,CUST-0472,East,Retail,Home,New,4,83.0,0.1305,283.73,76.61,Completed,2024-02
ORD-00822,2024-08-15,CUST-0266,West,Marketplace,Sports,Regular,1,85.11,0.117,120.89,30.22,Completed,2024-08
ORD-00823,2024-03-13,CUST-0479,East,Marketplace,Beauty,VIP,1,65.98,0.1163,59.95,19.78,Completed,2024-03
ORD-00824,2024-05-05,CUST-0483,East,Marketplace,Home,New,1,105.35,0.1022,113.77,30.72,Completed,2024-05
ORD-00825,2024-05-28,CUST-0175,East,Online,Sports,VIP,6,66.03,0.1115,423.01,135.36,Completed,2024-05
ORD-00826,2024-07-19,CUST-0080,North,Marketplace,Electronics,New,3,183.75,0.0369,723.59,159.19,Completed,2024-07
ORD-00827,2024-07-18,CUST-0129,North,Online,Electronics,Regular,3,161.93,0.0757,646.86,161.72,Returned,2024-07
ORD-00828,2024-04-19,CUST-0134,East,Online,Sports,New,1,92.88,0.1129,100.05,28.01,Completed,2024-04
ORD-00829,2024-08-13,CUST-0291,North,Online,Sports,Regular,4,64.0,0.211,284.62,79.69,Completed,2024-08
ORD-00830,2024-08-16,CUST-0132,Central,Retail,Fashion,Regular,4,48.7,0.1324,187.72,60.07,Completed,2024-08
ORD-00831,2024-08-25,CUST-0170,North,Marketplace,Sports,New,6,84.3,0.036,622.39,155.6,Completed,2024-08
ORD-00832,2024-12-08,CUST-0494,Central,Online,Home,Regular,5,95.15,0.1708,551.91,165.57,Completed,2024-12
ORD-00833,2024-02-18,CUST-0212,East,Marketplace,Sports,Regular,2,70.22,0.1614,147.93,36.98,Completed,2024-02
ORD-00834,2024-12-07,CUST-0239,South,Marketplace,Beauty,Regular,7,44.86,0.1552,311.6,90.36,Completed,2024-12
ORD-00835,2024-08-21,CUST-0069,East,Retail,Fashion,Regular,1,60.77,0.1627,49.35,15.79,Completed,2024-08
ORD-00836,2024-08-02,CUST-0412,West,Online,Sports,Regular,1,65.0,0.1311,106.55,29.83,Returned,2024-08
ORD-00837,2024-05-09,CUST-0030,East,Retail,Fashion,Regular,6,78.36,0.1509,366.36,117.24,Completed,2024-05
ORD-00838,2024-09-22,CUST-0278,South,Retail,Electronics,Regular,5,134.94,0.1197,564.9,124.28,Returned,2024-09
ORD-00839,2024-05-04,CUST-0266,East,Marketplace,Fashion,New,4,67.33,0.0452,323.53,103.53,Completed,2024-05
ORD-00840,2024-11-18,CUST-0419,South,Online,Beauty,Regular,3,63.26,0.2433,191.45,61.26,Completed,2024-11
ORD-00841,2024-11-02,CUST-0065,South,Online,Home,New,1,82.26,0.1396,89.39,26.82,Completed,2024-11
ORD-00842,2024-02-22,CUST-0271,West,Online,Fashion,Regular,4,76.88,0.2331,455.76,159.52,Completed,2024-02
ORD-00843,2024-02-21,CUST-0166,North,Marketplace,Fashion,Regular,3,67.04,0.0779,235.3,75.3,Completed,2024-02
ORD-00844,2024-12-16,CUST-0263,North,Retail,Electronics,Regular,1,156.64,0.1307,162.86,35.83,Completed,2024-12
ORD-00845,2024-01-11,CUST-0041,West,Retail,Sports,New,6,92.42,0.1616,575.11,143.78,Completed,2024-01
ORD-00846,2024-12-19,CUST-0339,North,Online,Fashion,VIP,7,56.21,0.1979,508.13,198.17,Completed,2024-12
ORD-00847,2024-06-26,CUST-0291,Central,Online,Home,New,1,84.4,0.2747,85.85,25.76,Completed,2024-06
ORD-00848,2024-10-30,CUST-0361,South,Online,Fashion,New,4,58.66,0.1384,237.85,83.25,Completed,2024-10
ORD-00849,2024-07-29,CUST-0359,West,Online,Fashion,Regular,5,73.19,0.2446,443.62,155.27,Completed,2024-07
ORD-00850,2024-01-28,CUST-0278,West,Retail,Fashion,Regular,2,73.75,0.0504,168.5,53.92,Completed,2024-01
ORD-00851,2024-06-26,CUST-0190,East,Online,Beauty,Regular,6,68.13,0.2277,444.23,142.15,Completed,2024-06
ORD-00852,2024-09-05,CUST-0143,East,Marketplace,Beauty,New,5,49.76,0.0369,247.55,71.79,Completed,2024-09
ORD-00853,2024-10-08,CUST-0484,West,Retail,Electronics,New,1,176.51,0.1698,169.0,37.18,Completed,2024-10
ORD-00854,2024-10-07,CUST-0430,East,Retail,Fashion,New,5,67.87,0.1392,297.07,95.06,Completed,2024-10
ORD-00855,2024-02-14,CUST-0082,South,Marketplace,Sports,New,7,57.06,0.1218,486.58,121.64,Returned,2024-02
ORD-00856,2024-09-22,CUST-0170,West,Retail,Sports,Regular,1,83.02,0.0328,104.92,26.23,Completed,2024-09
ORD-00857,2024-07-31,CUST-0186,South,Retail,Sports,VIP,6,88.16,0.0852,493.33,143.07,Completed,2024-07
ORD-00858,2024-10-17,CUST-0057,South,Online,Home,New,2,71.41,0.2583,135.9,40.77,Completed,2024-10
ORD-00859,2024-06-18,CUST-0022,East,Online,Home,Regular,5,94.05,0.1796,488.28,146.48,Completed,2024-06
ORD-00860,2024-04-26,CUST-0250,East,Online,Home,New,3,61.37,0.1255,176.49,52.95,Completed,2024-04
ORD-00861,2024-12-19,CUST-0401,North,Marketplace,Beauty,New,1,69.89,0.1731,79.87,23.16,Completed,2024-12
ORD-00862,2024-10-17,CUST-0161,West,Retail,Beauty,Regular,4,40.54,0.0536,182.55,52.94,Completed,2024-10
ORD-00863,2024-10-30,CUST-0473,Central,Retail,Electronics,Regular,4,147.29,0.1043,573.64,126.2,Completed,2024-10
ORD-00864,2024-01-27,CUST-0404,East,Retail,Sports,Regular,6,101.4,0.0793,567.1,141.78,Completed,2024-01
ORD-00865,2024-07-28,CUST-0442,West,Retail,Beauty,Regular,6,50.14,0.1246,362.69,105.18,Completed,2024-07
ORD-00866,2024-08-09,CUST-0254,West,Online,Beauty,New,4,49.62,0.0889,343.53,109.93,Completed,2024-08
ORD-00867,2024-02-09,CUST-0361,South,Online,Sports,New,3,81.72,0.2103,278.2,77.9,Completed,2024-02
ORD-00868,2024-01-08,CUST-0136,Central,Marketplace,Fashion,New,7,71.27,0.0991,615.56,196.98,Completed,2024-01
ORD-00869,2024-12-16,CUST-0357,South,Marketplace,Beauty,Regular,7,62.43,0.1625,517.37,150.04,Completed,2024-12
ORD-00870,2024-05-18,CUST-0239,North,Marketplace,Beauty,Regular,1,48.08,0.108,71.52,20.74,Completed,2024-05
ORD-00871,2024-04-16,CUST-0198,South,Retail,Electronics,Regular,4,121.4,0.1104,417.86,91.93,Completed,2024-04
ORD-00872,2024-07-10,CUST-0181,East,Marketplace,Fashion,Regular,7,53.58,0.1722,303.38,97.08,Completed,2024-07
ORD-00873,2024-09-14,CUST-0352,Central,Marketplace,Electronics,Regular,1,206.94,0.1745,245.47,54.0,Completed,2024-09
ORD-00874,2024-12-29,CUST-0028,South,Marketplace,Beauty,Regular,6,38.57,0.0292,258.66,75.01,Completed,2024-12
ORD-00875,2024-10-05,CUST-0419,Central,Online,Fashion,Regular,2,72.3,0.14,193.61,67.76,Completed,2024-10
ORD-00876,2024-05-25,CUST-0264,West,Online,Sports,Regular,2,96.77,0.1545,240.08,67.22,Completed,2024-05
ORD-00877,2024-04-02,CUST-0488,North,Retail,Fashion,New,7,44.21,0.1349,391.55,125.3,Completed,2024-04
ORD-00878,2024-07-04,CUST-0277,South,Retail,Electronics,New,1,208.7,0.1768,183.16,40.3,Completed,2024-07
ORD-00879,2024-08-05,CUST-0126,North,Online,Fashion,Regular,1,67.57,0.2569,74.84,26.19,Completed,2024-08
ORD-00880,2024-04-07,CUST-0313,South,Retail,Electronics,New,4,122.06,0.1382,508.23,111.81,Completed,2024-04
ORD-00881,2024-02-11,CUST-0116,West,Online,Electronics,New,4,206.27,0.2713,964.46,241.12,Completed,2024-02
ORD-00882,2024-06-01,CUST-0111,East,Retail,Home,VIP,3,79.38,0.0887,205.74,63.78,Completed,2024-06
ORD-00883,2024-04-25,CUST-0203,Central,Marketplace,Electronics,Regular,3,128.71,0.022,437.14,96.17,Completed,2024-04
ORD-00884,2024-05-19,CUST-0473,South,Online,Sports,Regular,4,74.73,0.2128,291.66,81.66,Completed,2024-05
ORD-00885,2024-08-11,CUST-0231,South,Retail,Fashion,Regular,3,52.77,0.179,158.19,50.62,Completed,2024-08
ORD-00886,2024-10-04,CUST-0104,Central,Online,Sports,Regular,7,84.51,0.2241,621.29,173.96,Completed,2024-10
ORD-00887,2024-02-12,CUST-0287,North,Marketplace,Home,Regular,5,103.94,0.143,615.34,166.14,Completed,2024-02
ORD-00888,2024-08-13,CUST-0006,East,Online,Home,New,6,77.82,0.1089,448.96,134.69,Completed,2024-08
ORD-00889,2024-10-18,CUST-0284,South,Retail,Electronics,Regular,7,145.07,0.0436,1066.97,234.73,Returned,2024-10
ORD-00890,2024-09-13,CUST-0448,West,Online,Fashion,Regular,5,58.73,0.2087,410.97,143.84,Completed,2024-09
ORD-00891,2024-10-05,CUST-0434,South,Retail,Electronics,VIP,5,140.5,0.1796,610.0,158.6,Completed,2024-10
ORD-00892,2024-11-04,CUST-0333,Central,Retail,Home,Regular,4,66.85,0.0876,295.28,79.73,Completed,2024-11
ORD-00893,2024-07-25,CUST-0078,North,Retail,Home,Regular,6,82.16,0.1341,481.82,130.09,Completed,2024-07
ORD-00894,2024-10-16,CUST-0382,Central,Retail,Beauty,New,3,62.87,0.1161,205.07,59.47,Completed,2024-10
ORD-00895,2024-01-11,CUST-0372,Central,Marketplace,Fashion,Regular,1,76.95,0.1727,76.3,24.42,Completed,2024-01
ORD-00896,2024-12-28,CUST-0399,East,Retail,Fashion,Regular,3,79.87,0.0868,195.53,62.57,Completed,2024-12
ORD-00897,2024-06-28,CUST-0273,East,Retail,Electronics,Regular,2,184.07,0.1239,270.18,59.44,Completed,2024-06
ORD-00898,2024-05-11,CUST-0163,North,Marketplace,Sports,VIP,5,66.72,0.0898,432.08,125.3,Completed,2024-05
ORD-00899,2024-03-23,CUST-0163,North,Online,Fashion,New,5,50.27,0.2015,303.24,106.13,Completed,2024-03
ORD-00900,2024-09-09,CUST-0478,East,Online,Fashion,Regular,3,49.03,0.2533,144.09,50.43,Completed,2024-09
ORD-00901,2024-02-02,CUST-0491,South,Retail,Home,New,4,91.84,0.0844,311.12,84.0,Completed,2024-02
ORD-00902,2024-11-23,CUST-0393,North,Retail,Beauty,Regular,7,60.53,0.1162,418.91,121.48,Completed,2024-11
ORD-00903,2024-11-28,CUST-0098,West,Marketplace,Beauty,New,2,45.59,0.0517,119.54,34.67,Completed,2024-11
ORD-00904,2024-07-05,CUST-0160,West,Marketplace,Electronics,New,2,130.8,0.1782,305.84,67.28,Completed,2024-07
ORD-00905,2024-10-07,CUST-0391,North,Retail,Home,Regular,5,79.14,0.1202,493.06,133.13,Completed,2024-10
ORD-00906,2024-12-13,CUST-0410,East,Online,Home,Regular,5,84.44,0.2771,344.52,103.36,Completed,2024-12
ORD-00907,2024-11-05,CUST-0257,West,Marketplace,Beauty,Regular,4,67.07,0.1177,317.8,92.16,Completed,2024-11
ORD-00908,2024-04-25,CUST-0026,East,Retail,Sports,Regular,3,96.48,0.1523,206.73,51.68,Completed,2024-04
ORD-00909,2024-10-03,CUST-0314,East,Online,Electronics,New,3,201.47,0.1323,731.82,182.96,Completed,2024-10
ORD-00910,2024-05-05,CUST-0378,North,Marketplace,Home,Regular,2,80.6,0.1251,224.61,60.64,Completed,2024-05
ORD-00911,2024-02-28,CUST-0067,West,Online,Electronics,New,6,203.38,0.2601,1353.26,338.31,Completed,2024-02
ORD-00912,2024-04-30,CUST-0134,East,Marketplace,Electronics,New,2,193.24,0.0431,481.25,105.88,Completed,2024-04
ORD-00913,2024-08-22,CUST-0321,West,Online,Electronics,VIP,3,156.72,0.2017,630.7,182.9,Completed,2024-08
ORD-00914,2024-05-04,CUST-0393,East,Marketplace,Fashion,New,6,48.87,0.0831,285.73,91.43,Completed,2024-05
ORD-00915,2024-02-15,CUST-0087,East,Marketplace,Beauty,New,5,67.61,0.1753,300.75,87.22,Completed,2024-02
ORD-00916,2024-03-15,CUST-0465,North,Marketplace,Electronics,New,7,183.61,0.0759,1727.96,380.15,Returned,2024-03
ORD-00917,2024-02-21,CUST-0442,South,Retail,Fashion,New,1,57.91,0.1253,60.77,19.45,Completed,2024-02
ORD-00918,2024-03-13,CUST-0451,West,Marketplace,Fashion,New,5,65.05,0.0656,408.82,130.82,Completed,2024-03
ORD-00919,2024-05-11,CUST-0238,South,Marketplace,Fashion,New,6,54.18,0.0408,347.42,111.17,Completed,2024-05
ORD-00920,2024-07-28,CUST-0192,Central,Marketplace,Fashion,Regular,7,71.27,0.0426,665.43,212.94,Completed,2024-07
ORD-00921,2024-07-27,CUST-0411,East,Marketplace,Beauty,VIP,3,44.59,0.0346,159.29,52.57,Completed,2024-07
ORD-00922,2024-06-09,CUST-0420,Central,Marketplace,Sports,New,1,79.92,0.1516,80.74,20.18,Completed,2024-06
ORD-00923,2024-01-23,CUST-0175,North,Marketplace,Sports,New,3,71.36,0.0806,254.44,63.61,Returned,2024-01
ORD-00924,2024-07-11,CUST-0065,North,Online,Beauty,Regular,6,39.56,0.1016,295.74,94.64,Completed,2024-07
ORD-00925,2024-02-18,CUST-0449,South,Online,Beauty,VIP,7,51.5,0.1235,462.05,166.34,Returned,2024-02
ORD-00926,2024-12-07,CUST-0258,East,Retail,Home,New,6,88.46,0.0222,521.28,140.75,Returned,2024-12
ORD-00927,2024-11-26,CUST-0368,East,Retail,Home,Regular,3,65.0,0.1152,186.42,50.33,Completed,2024-11
ORD-00928,2024-06-11,CUST-0049,South,Online,Sports,Regular,2,59.43,0.0955,145.37,40.7,Completed,2024-06
ORD-00929,2024-02-26,CUST-0081,West,Retail,Electronics,VIP,4,170.74,0.1686,794.06,206.46,Completed,2024-02
ORD-00930,2024-09-24,CUST-0217,West,Retail,Electronics,New,3,120.77,0.0772,503.37,110.74,Completed,2024-09
ORD-00931,2024-05-21,CUST-0077,Central,Marketplace,Sports,Regular,6,56.7,0.1246,381.06,95.27,Completed,2024-05
ORD-00932,2024-08-05,CUST-0157,East,Retail,Fashion,New,5,60.11,0.1165,263.81,84.42,Returned,2024-08
ORD-00933,2024-07-02,CUST-0326,West,Retail,Sports,New,3,77.35,0.1116,309.55,77.39,Completed,2024-07
ORD-00934,2024-07-28,CUST-0090,Central,Retail,Electronics,New,1,188.57,0.1157,209.65,46.12,Completed,2024-07
ORD-00935,2024-05-12,CUST-0261,South,Marketplace,Fashion,New,4,62.49,0.0639,325.61,104.2,Completed,2024-05
ORD-00936,2024-07-11,CUST-0384,East,Online,Sports,Regular,2,68.37,0.2318,111.69,31.27,Completed,2024-07
ORD-00937,2024-06-20,CUST-0499,North,Online,Electronics,VIP,4,186.7,0.0749,1201.61,348.47,Completed,2024-06
ORD-00938,2024-12-04,CUST-0013,South,Marketplace,Fashion,Regular,4,63.31,0.1372,266.58,85.31,Completed,2024-12
ORD-00939,2024-12-25,CUST-0424,East,Retail,Beauty,VIP,5,59.28,0.1134,261.63,86.34,Completed,2024-12
ORD-00940,2024-04-22,CUST-0256,North,Marketplace,Beauty,Regular,6,67.65,0.1276,451.01,130.79,Completed,2024-04
ORD-00941,2024-11-19,CUST-0084,North,Retail,Home,Regular,7,69.94,0.0568,640.64,172.97,Completed,2024-11
ORD-00942,2024-09-18,CUST-0044,South,Marketplace,Electronics,New,6,150.35,0.0273,1238.43,272.45,Completed,2024-09
ORD-00943,2024-08-12,CUST-0134,East,Retail,Sports,New,2,99.46,0.0814,204.95,51.24,Completed,2024-08
ORD-00944,2024-06-23,CUST-0028,East,Marketplace,Home,Regular,2,65.9,0.0211,154.22,41.64,Completed,2024-06
ORD-00945,2024-09-01,CUST-0459,South,Retail,Home,Regular,7,75.7,0.0714,589.09,159.05,Completed,2024-09
ORD-00946,2024-11-17,CUST-0220,Central,Online,Home,New,1,75.53,0.2533,85.18,25.55,Completed,2024-11
ORD-00947,2024-02-18,CUST-0475,Central,Retail,Sports,Regular,1,58.0,0.0775,70.34,17.59,Completed,2024-02
ORD-00948,2024-07-14,CUST-0184,Central,Retail,Electronics,New,6,137.34,0.1555,869.35,191.26,Completed,2024-07
ORD-00949,2024-05-29,CUST-0498,East,Marketplace,Home,New,5,92.44,0.0903,536.05,144.73,Completed,2024-05
ORD-00950,2024-12-02,CUST-0444,Central,Online,Sports,Regular,7,68.65,0.2119,566.4,158.59,Completed,2024-12
ORD-00951,2024-01-14,CUST-0287,Central,Online,Sports,Regular,3,97.11,0.2767,266.4,74.59,Completed,2024-01
ORD-00952,2024-05-24,CUST-0371,South,Marketplace,Sports,Regular,1,86.19,0.0864,106.69,26.67,Completed,2024-05
ORD-00953,2024-05-04,CUST-0422,South,Retail,Beauty,Regular,7,49.15,0.1387,283.3,82.16,Completed,2024-05
ORD-00954,2024-12-26,CUST-0451,East,Retail,Electronics,VIP,4,116.8,0.1541,411.54,107.0,Completed,2024-12
ORD-00955,2024-12-08,CUST-0002,Central,Retail,Fashion,New,5,63.13,0.1719,289.17,92.53,Completed,2024-12
ORD-00956,2024-02-02,CUST-0352,North,Marketplace,Sports,New,5,87.45,0.0606,589.57,147.39,Completed,2024-02
ORD-00957,2024-12-23,CUST-0112,South,Marketplace,Beauty,Regular,6,56.15,0.0265,438.66,127.21,Completed,2024-12
ORD-00958,2024-03-14,CUST-0275,West,Marketplace,Beauty,New,4,52.6,0.1786,302.79,87.81,Completed,2024-03
ORD-00959,2024-06-22,CUST-0184,North,Retail,Fashion,Regular,4,68.35,0.1019,284.59,91.07,Returned,2024-06
ORD-00960,2024-10-18,CUST-0264,Central,Retail,Fashion,Regular,1,54.22,0.1742,58.72,18.79,Completed,2024-10
ORD-00961,2024-05-19,CUST-0425,Central,Retail,Beauty,Regular,4,39.2,0.1535,160.48,46.54,Completed,2024-05
ORD-00962,2024-08-30,CUST-0212,South,Retail,Home,New,1,81.44,0.056,84.45,22.8,Completed,2024-08
ORD-00963,2024-04-23,CUST-0289,South,Marketplace,Sports,New,2,62.02,0.1045,143.66,35.91,Completed,2024-04
ORD-00964,2024-01-12,CUST-0232,East,Marketplace,Fashion,New,5,58.36,0.1266,314.01,100.48,Completed,2024-01
ORD-00965,2024-09-22,CUST-0023,East,Online,Home,New,6,88.35,0.2411,489.89,146.97,Completed,2024-09
ORD-00966,2024-06-04,CUST-0200,North,Retail,Sports,New,4,95.17,0.0829,416.94,104.23,Completed,2024-06
ORD-00967,2024-12-02,CUST-0219,West,Retail,Electronics,Regular,6,144.77,0.0585,1061.68,233.57,Completed,2024-12
ORD-00968,2024-07-20,CUST-0220,West,Online,Fashion,New,1,63.55,0.1553,101.94,35.68,Completed,2024-07
ORD-00969,2024-03-21,CUST-0322,West,Marketplace,Fashion,Regular,7,55.08,0.1499,473.14,151.4,Completed,2024-03
ORD-00970,2024-03-12,CUST-0454,Central,Retail,Sports,New,1,60.13,0.0245,68.76,17.19,Completed,2024-03
ORD-00971,2024-11-02,CUST-0141,South,Marketplace,Sports,New,5,84.62,0.0206,495.38,123.84,Completed,2024-11
ORD-00972,2024-04-05,CUST-0047,Central,Marketplace,Beauty,New,2,41.36,0.1724,89.17,25.86,Completed,2024-04
ORD-00973,2024-06-12,CUST-0353,South,Retail,Sports,New,4,90.73,0.0671,332.87,83.22,Completed,2024-06
ORD-00974,2024-04-03,CUST-0423,South,Marketplace,Sports,Regular,7,80.13,0.0582,655.58,163.9,Completed,2024-04
ORD-00975,2024-11-07,CUST-0367,North,Marketplace,Fashion,Regular,2,53.36,0.1602,124.14,39.72,Completed,2024-11
ORD-00976,2024-12-19,CUST-0242,North,Retail,Sports,New,5,65.01,0.1298,345.72,86.43,Completed,2024-12
ORD-00977,2024-04-17,CUST-0294,Central,Marketplace,Electronics,New,7,180.74,0.0601,1497.41,329.43,Completed,2024-04
ORD-00978,2024-01-04,CUST-0228,East,Retail,Beauty,VIP,5,60.18,0.1125,243.03,80.2,Completed,2024-01
ORD-00979,2024-07-26,CUST-0074,Central,Retail,Home,Regular,4,102.23,0.0497,471.52,127.31,Returned,2024-07
ORD-00980,2024-05-11,CUST-0169,North,Retail,Beauty,Regular,4,47.16,0.135,198.69,57.62,Completed,2024-05
ORD-00981,2024-12-03,CUST-0300,Central,Retail,Home,New,4,65.62,0.0643,264.43,71.4,Completed,2024-12
ORD-00982,2024-06-14,CUST-0420,South,Online,Beauty,Regular,5,57.93,0.1612,357.48,114.39,Completed,2024-06
ORD-00983,2024-04-24,CUST-0370,North,Online,Home,Regular,1,92.18,0.059,140.65,42.2,Completed,2024-04
ORD-00984,2024-02-03,CUST-0092,West,Marketplace,Fashion,New,7,66.67,0.1311,543.38,173.88,Completed,2024-02
ORD-00985,2024-12-30,CUST-0062,South,Marketplace,Electronics,Regular,7,175.53,0.1444,1478.7,325.31,Returned,2024-12
ORD-00986,2024-02-16,CUST-0354,South,Retail,Electronics,New,6,117.86,0.0776,640.59,140.93,Completed,2024-02
ORD-00987,2024-04-07,CUST-0455,West,Retail,Beauty,Regular,4,41.87,0.044,224.41,65.08,Completed,2024-04
ORD-00988,2024-06-18,CUST-0153,East,Online,Electronics,VIP,7,147.18,0.1934,1081.03,313.5,Returned,2024-06
ORD-00989,2024-07-01,CUST-0414,Central,Retail,Electronics,Regular,7,161.88,0.0779,1072.85,236.03,Returned,2024-07
ORD-00990,2024-09-11,CUST-0490,East,Retail,Sports,VIP,6,96.52,0.0282,541.02,156.9,Returned,2024-09
ORD-00991,2024-07-27,CUST-0288,West,Marketplace,Home,Regular,7,104.39,0.051,1056.47,285.25,Completed,2024-07
ORD-00992,2024-03-21,CUST-0279,North,Online,Beauty,New,1,40.75,0.0892,56.71,18.15,Completed,2024-03
ORD-00993,2024-02-20,CUST-0311,South,Marketplace,Home,New,1,68.8,0.078,79.02,21.34,Completed,2024-02
ORD-00994,2024-07-04,CUST-0207,East,Online,Home,VIP,1,75.07,0.258,71.46,24.3,Completed,2024-07
ORD-00995,2024-04-13,CUST-0339,Central,Online,Electronics,Regular,6,147.28,0.109,1293.77,323.44,Completed,2024-04
ORD-00996,2024-09-15,CUST-0355,North,Online,Home,Regular,7,68.44,0.2373,654.03,196.21,Completed,2024-09
ORD-00997,2024-10-24,CUST-0075,North,Retail,Electronics,Regular,2,163.45,0.0223,459.11,101.0,Completed,2024-10
ORD-00998,2024-10-24,CUST-0222,Central,Retail,Sports,VIP,3,73.36,0.1634,241.51,70.04,Returned,2024-10
ORD-00999,2024-08-08,CUST-0473,West,Marketplace,Home,VIP,5,94.97,0.1572,702.88,217.89,Completed,2024-08
ORD-01000,2024-04-07,CUST-0170,North,Retail,Sports,New,1,60.84,0.0967,80.05,20.01,Completed,2024-04
ORD-01001,2024-12-29,CUST-0013,East,Online,Sports,New,3,91.32,0.2115,293.2,82.1,Completed,2024-12
ORD-01002,2024-05-27,CUST-0360,Central,Online,Fashion,VIP,4,70.06,0.1331,325.58,126.98,Completed,2024-05
ORD-01003,2024-07-06,CUST-0313,West,Online,Beauty,New,5,44.96,0.1106,329.55,105.46,Returned,2024-07
ORD-01004,2024-06-09,CUST-0365,South,Marketplace,Fashion,New,7,81.04,0.1147,598.08,191.39,Completed,2024-06
ORD-01005,2024-02-22,CUST-0433,East,Marketplace,Home,New,5,82.55,0.0987,465.58,125.71,Completed,2024-02
ORD-01006,2024-07-26,CUST-0229,North,Online,Fashion,Regular,7,79.85,0.0981,933.76,326.82,Completed,2024-07
ORD-01007,2024-04-18,CUST-0375,East,Retail,Beauty,New,3,68.94,0.1325,180.89,52.46,Returned,2024-04
ORD-01008,2024-01-13,CUST-0441,East,Retail,Home,Regular,4,93.93,0.0573,374.46,101.1,Completed,2024-01
ORD-01009,2024-06-09,CUST-0207,Central,Retail,Electronics,New,4,124.31,0.1769,475.29,104.56,Completed,2024-06
ORD-01010,2024-12-21,CUST-0244,South,Retail,Fashion,VIP,1,44.34,0.0588,51.23,18.44,Returned,2024-12
ORD-01011,2024-08-08,CUST-0289,South,Marketplace,Beauty,New,5,42.63,0.151,202.67,58.77,Returned,2024-08
ORD-01012,2024-07-29,CUST-0033,East,Online,Electronics,New,6,137.93,0.2778,820.93,205.23,Completed,2024-07
ORD-01013,2024-06-11,CUST-0465,North,Marketplace,Fashion,Regular,2,51.66,0.0487,155.92,49.89,Completed,2024-06
ORD-01014,2024-03-23,CUST-0420,West,Retail,Electronics,New,7,170.88,0.1164,1314.72,289.24,Completed,2024-03
ORD-01015,2024-11-27,CUST-0468,Central,Online,Beauty,New,6,57.97,0.1267,470.75,150.64,Completed,2024-11
ORD-01016,2024-05-15,CUST-0098,South,Marketplace,Fashion,Regular,7,80.35,0.077,682.28,218.33,Completed,2024-05
ORD-01017,2024-03-18,CUST-0451,West,Marketplace,Fashion,Regular,7,74.81,0.1519,672.32,215.14,Completed,2024-03
ORD-01018,2024-04-20,CUST-0162,East,Online,Electronics,Regular,3,139.69,0.1096,440.65,110.16,Completed,2024-04
ORD-01019,2024-10-02,CUST-0104,West,Retail,Fashion,New,7,75.81,0.0348,690.32,220.9,Completed,2024-10
ORD-01020,2024-09-07,CUST-0486,East,Retail,Sports,Regular,3,95.88,0.0544,254.82,63.7,Completed,2024-09
ORD-01021,2024-09-05,CUST-0111,South,Retail,Fashion,New,3,58.68,0.1275,187.94,60.14,Completed,2024-09
ORD-01022,2024-11-24,CUST-0345,South,Online,Home,VIP,5,91.09,0.1741,568.85,193.41,Completed,2024-11
ORD-01023,2024-09-07,CUST-0196,West,Online,Fashion,Regular,2,53.8,0.2237,121.71,42.6,Completed,2024-09
ORD-01024,2024-07-14,CUST-0207,South,Online,Sports,New,5,84.1,0.2344,481.22,134.74,Completed,2024-07
ORD-01025,2024-01-17,CUST-0260,North,Retail,Sports,VIP,2,84.14,0.0541,186.24,54.01,Completed,2024-01
ORD-01026,2024-04-29,CUST-0296,North,Online,Sports,New,5,68.69,0.1352,457.94,128.22,Completed,2024-04
ORD-01027,2024-11-03,CUST-0486,West,Online,Sports,New,1,86.19,0.1896,102.78,28.78,Completed,2024-11
ORD-01028,2024-09-22,CUST-0406,Central,Online,Fashion,New,6,55.96,0.2302,422.4,147.84,Completed,2024-09
ORD-01029,2024-03-15,CUST-0082,South,Retail,Electronics,Regular,2,205.04,0.1249,351.2,77.26,Completed,2024-03
ORD-01030,2024-08-11,CUST-0056,Central,Online,Beauty,VIP,1,69.49,0.1696,80.64,29.03,Completed,2024-08
ORD-01031,2024-11-20,CUST-0182,North,Online,Sports,VIP,3,99.33,0.0886,384.38,123.0,Completed,2024-11
ORD-01032,2024-07-01,CUST-0070,South,Online,Electronics,New,1,183.59,0.2417,171.64,42.91,Completed,2024-07
ORD-01033,2024-07-14,CUST-0284,West,Retail,Home,Regular,1,79.25,0.0334,116.06,31.34,Completed,2024-07
ORD-01034,2024-12-04,CUST-0098,West,Retail,Sports,VIP,7,89.21,0.0759,693.98,201.25,Completed,2024-12
ORD-01035,2024-04-27,CUST-0186,Central,Marketplace,Beauty,New,5,52.6,0.1396,285.19,82.71,Returned,2024-04
ORD-01036,2024-07-09,CUST-0252,East,Online,Fashion,New,1,48.07,0.0886,61.08,21.38,Completed,2024-07
ORD-01037,2024-01-25,CUST-0474,South,Marketplace,Home,Regular,7,84.1,0.0214,696.79,188.13,Completed,2024-01
ORD-01038,2024-11-11,CUST-0172,West,Online,Home,New,1,97.0,0.1404,139.57,41.87,Completed,2024-11
ORD-01039,2024-10-04,CUST-0334,West,Marketplace,Electronics,Regular,3,148.33,0.1753,538.06,118.37,Completed,2024-10
ORD-01040,2024-04-28,CUST-0274,North,Online,Home,New,4,108.23,0.2502,515.19,154.56,Completed,2024-04
ORD-01041,2024-12-20,CUST-0469,North,Online,Fashion,New,6,77.38,0.0993,691.82,242.14,Completed,2024-12
ORD-01042,2024-08-26,CUST-0320,Central,Marketplace,Fashion,New,1,47.09,0.1135,58.63,18.76,Completed,2024-08
ORD-01043,2024-04-19,CUST-0367,Central,Retail,Electronics,New,3,128.04,0.1106,375.8,82.68,Completed,2024-04
ORD-01044,2024-07-20,CUST-0071,Central,Online,Fashion,Regular,6,44.89,0.0617,408.89,143.11,Completed,2024-07
ORD-01045,2024-09-23,CUST-0398,Central,Marketplace,Electronics,Regular,5,178.12,0.0385,1024.77,225.45,Completed,2024-09
ORD-01046,2024-10-20,CUST-0187,North,Marketplace,Sports,Regular,4,80.75,0.177,425.36,106.34,Completed,2024-10
ORD-01047,2024-07-18,CUST-0274,South,Online,Electronics,New,3,132.18,0.1432,470.37,117.59,Completed,2024-07
ORD-01048,2024-03-21,CUST-0212,West,Online,Sports,New,3,78.04,0.1803,306.61,85.85,Completed,2024-03
ORD-01049,2024-08-05,CUST-0291,North,Retail,Home,VIP,3,82.54,0.1105,277.25,85.95,Completed,2024-08
ORD-01050,2024-05-13,CUST-0270,East,Online,Beauty,New,1,56.79,0.2241,59.5,19.04,Returned,2024-05
ORD-01051,2024-06-06,CUST-0417,East,Retail,Electronics,Regular,4,203.38,0.152,720.51,158.51,Completed,2024-06
ORD-01052,2024-11-11,CUST-0250,Central,Marketplace,Beauty,Regular,1,59.8,0.0671,81.52,23.64,Completed,2024-11
ORD-01053,2024-08-27,CUST-0047,Central,Marketplace,Sports,New,1,67.73,0.1549,86.81,21.7,Completed,2024-08
ORD-01054,2024-02-23,CUST-0117,South,Online,Fashion,Regular,4,81.12,0.1863,306.85,107.4,Completed,2024-02
ORD-01055,2024-06-14,CUST-0392,Central,Retail,Beauty,Regular,5,52.53,0.1478,232.22,67.34,Returned,2024-06
ORD-01056,2024-09-18,CUST-0206,West,Marketplace,Home,New,4,105.35,0.0235,672.42,181.55,Completed,2024-09
ORD-01057,2024-04-18,CUST-0046,North,Online,Beauty,VIP,5,43.54,0.274,224.12,80.68,Completed,2024-04
ORD-01058,2024-04-25,CUST-0276,Central,Online,Sports,Regular,5,98.16,0.2008,627.97,175.83,Completed,2024-04
ORD-01059,2024-03-22,CUST-0252,West,Retail,Fashion,New,1,64.12,0.0777,86.33,27.63,Completed,2024-03
ORD-01060,2024-10-22,CUST-0116,East,Marketplace,Electronics,New,3,189.77,0.0919,642.46,141.34,Completed,2024-10
ORD-01061,2024-02-08,CUST-0275,North,Marketplace,Electronics,Regular,6,187.82,0.1541,1232.62,271.18,Returned,2024-02
ORD-01062,2024-04-17,CUST-0465,West,Online,Beauty,New,4,51.98,0.2542,264.49,84.64,Completed,2024-04
ORD-01063,2024-01-05,CUST-0004,North,Online,Sports,Regular,3,55.27,0.2289,213.42,59.76,Completed,2024-01
ORD-01064,2024-05-26,CUST-0120,West,Retail,Home,Regular,5,109.68,0.1576,624.11,168.51,Completed,2024-05
ORD-01065,2024-10-11,CUST-0281,East,Online,Sports,New,1,98.61,0.0874,98.53,27.59,Completed,2024-10
ORD-01066,2024-06-22,CUST-0208,West,Online,Home,VIP,4,67.15,0.2418,364.58,123.96,Completed,2024-06
ORD-01067,2024-12-13,CUST-0019,West,Marketplace,Home,Regular,3,70.34,0.1692,250.09,67.52,Completed,2024-12
ORD-01068,2024-10-23,CUST-0129,North,Online,Sports,New,2,63.09,0.0517,221.43,62.0,Completed,2024-10
ORD-01069,2024-11-04,CUST-0275,South,Retail,Fashion,Regular,7,72.63,0.1259,497.46,159.19,Completed,2024-11
ORD-01070,2024-04-02,CUST-0073,West,Retail,Beauty,Regular,6,61.17,0.1379,471.11,136.62,Completed,2024-04
ORD-01071,2024-11-23,CUST-0124,South,Retail,Home,VIP,2,81.81,0.0789,159.36,49.4,Completed,2024-11
ORD-01072,2024-10-29,CUST-0471,West,Online,Beauty,Regular,6,65.36,0.142,573.49,183.52,Returned,2024-10
ORD-01073,2024-09-05,CUST-0079,North,Retail,Home,Regular,1,90.66,0.0779,91.39,24.68,Completed,2024-09
ORD-01074,2024-07-12,CUST-0219,Central,Retail,Home,New,2,85.52,0.122,149.19,40.28,Completed,2024-07
ORD-01075,2024-05-20,CUST-0386,Central,Retail,Fashion,New,3,69.42,0.1239,204.17,65.33,Completed,2024-05
ORD-01076,2024-11-11,CUST-0493,East,Marketplace,Electronics,New,3,176.89,0.087,591.32,130.09,Completed,2024-11
ORD-01077,2024-08-26,CUST-0364,South,Marketplace,Electronics,New,2,175.0,0.0312,437.5,96.25,Completed,2024-08
ORD-01078,2024-10-04,CUST-0363,East,Retail,Beauty,New,7,69.85,0.1162,447.22,129.69,Completed,2024-10
ORD-01079,2024-09-07,CUST-0452,South,Marketplace,Electronics,New,5,152.29,0.1583,799.23,175.83,Completed,2024-09
ORD-01080,2024-05-18,CUST-0239,North,Marketplace,Beauty,New,1,47.15,0.0828,54.98,15.94,Completed,2024-05
ORD-01081,2024-02-17,CUST-0160,South,Retail,Sports,New,2,69.7,0.0807,127.01,31.75,Completed,2024-02
ORD-01082,2024-05-31,CUST-0474,East,Online,Beauty,New,5,71.32,0.0775,372.65,119.25,Completed,2024-05
ORD-01083,2024-02-25,CUST-0213,North,Retail,Fashion,Regular,6,54.49,0.0646,442.16,141.49,Returned,2024-02
ORD-01084,2024-11-07,CUST-0344,North,Retail,Beauty,Regular,4,58.46,0.1623,240.2,69.66,Completed,2024-11
ORD-01085,2024-08-09,CUST-0364,Central,Retail,Electronics,New,4,188.19,0.1276,798.64,175.7,Completed,2024-08
ORD-01086,2024-03-09,CUST-0432,North,Retail,Beauty,Regular,3,46.67,0.0404,159.98,46.39,Completed,2024-03
ORD-01087,2024-03-01,CUST-0163,North,Online,Sports,Regular,4,54.94,0.0581,334.62,93.69,Completed,2024-03
ORD-01088,2024-03-20,CUST-0057,North,Retail,Home,New,2,74.51,0.1079,162.69,43.93,Completed,2024-03
ORD-01089,2024-05-04,CUST-0020,East,Online,Fashion,New,4,45.37,0.1305,174.26,60.99,Completed,2024-05
ORD-01090,2024-05-21,CUST-0014,West,Online,Beauty,New,5,44.95,0.0629,307.51,98.4,Completed,2024-05
ORD-01091,2024-06-17,CUST-0375,Central,Online,Fashion,Regular,3,63.51,0.2628,195.42,68.4,Returned,2024-06
ORD-01092,2024-02-10,CUST-0265,North,Marketplace,Home,New,1,79.87,0.0969,100.0,27.0,Completed,2024-02
ORD-01093,2024-10-02,CUST-0320,East,Marketplace,Home,Regular,6,60.45,0.1256,384.81,103.9,Completed,2024-10
ORD-01094,2024-11-08,CUST-0428,East,Marketplace,Fashion,Regular,6,73.98,0.1073,439.17,140.53,Completed,2024-11
ORD-01095,2024-10-20,CUST-0119,West,Online,Sports,New,7,67.25,0.0882,659.87,184.76,Completed,2024-10
ORD-01096,2024-11-28,CUST-0333,East,Online,Electronics,New,2,151.06,0.1469,365.93,91.48,Completed,2024-11
ORD-01097,2024-02-06,CUST-0484,East,Retail,Electronics,New,2,178.57,0.1404,272.78,60.01,Completed,2024-02
ORD-01098,2024-07-03,CUST-0119,East,Online,Beauty,VIP,1,58.42,0.0861,61.36,22.09,Returned,2024-07
ORD-01099,2024-06-23,CUST-0329,West,Online,Home,Regular,1,77.24,0.2383,110.07,33.02,Completed,2024-06
ORD-01100,2024-03-05,CUST-0296,South,Retail,Beauty,Regular,3,54.44,0.116,150.51,43.65,Completed,2024-03
ORD-01101,2024-02-28,CUST-0107,North,Marketplace,Home,New,7,101.05,0.108,1018.48,274.99,Completed,2024-02
ORD-01102,2024-04-05,CUST-0496,Central,Marketplace,Sports,Regular,3,82.31,0.174,256.43,64.11,Returned,2024-04
ORD-01103,2024-07-09,CUST-0448,Central,Retail,Beauty,Regular,6,51.31,0.084,347.18,100.68,Completed,2024-07
ORD-01104,2024-12-28,CUST-0478,Central,Retail,Sports,Regular,4,62.9,0.1721,243.48,60.87,Completed,2024-12
ORD-01105,2024-07-19,CUST-0041,North,Retail,Fashion,New,3,68.95,0.137,242.44,77.58,Completed,2024-07
ORD-01106,2024-01-07,CUST-0299,North,Retail,Electronics,New,7,188.32,0.1155,1537.55,338.26,Completed,2024-01
ORD-01107,2024-10-07,CUST-0075,West,Online,Sports,New,2,60.84,0.1874,151.57,42.44,Completed,2024-10
ORD-01108,2024-04-18,CUST-0104,Central,Online,Sports,New,3,64.58,0.1391,249.17,69.77,Completed,2024-04
ORD-01109,2024-01-09,CUST-0203,North,Retail,Fashion,New,6,59.54,0.1237,446.66,142.93,Completed,2024-01
ORD-01110,2024-04-13,CUST-0152,North,Online,Beauty,New,6,67.96,0.2088,521.68,166.94,Completed,2024-04
ORD-01111,2024-02-23,CUST-0013,West,Online,Sports,Regular,1,78.19,0.0852,124.58,34.88,Completed,2024-02
ORD-01112,2024-10-29,CUST-0353,West,Retail,Electronics,Regular,1,185.69,0.0592,207.52,45.65,Completed,2024-10
ORD-01113,2024-07-26,CUST-0088,South,Retail,Home,New,7,69.91,0.1642,417.96,112.85,Completed,2024-07
ORD-01114,2024-05-02,CUST-0406,Central,Marketplace,Home,New,1,83.25,0.0575,104.47,28.21,Completed,2024-05
ORD-01115,2024-04-07,CUST-0132,West,Marketplace,Fashion,New,7,64.61,0.0551,711.66,227.73,Completed,2024-04
ORD-01116,2024-06-22,CUST-0172,East,Retail,Beauty,New,1,53.19,0.0952,53.8,15.6,Completed,2024-06
ORD-01117,2024-10-28,CUST-0141,South,Marketplace,Home,Regular,6,67.42,0.1738,471.31,127.25,Completed,2024-10
ORD-01118,2024-12-09,CUST-0466,South,Marketplace,Electronics,New,3,125.56,0.0387,484.72,106.64,Completed,2024-12
ORD-01119,2024-11-14,CUST-0361,West,Retail,Beauty,New,7,53.47,0.0453,478.86,138.87,Completed,2024-11
ORD-01120,2024-06-22,CUST-0186,South,Online,Sports,Regular,6,86.44,0.1996,581.74,162.89,Completed,2024-06
ORD-01121,2024-05-30,CUST-0279,South,Marketplace,Home,Regular,4,79.35,0.0468,355.23,95.91,Completed,2024-05
ORD-01122,2024-09-20,CUST-0195,Central,Marketplace,Fashion,VIP,6,75.86,0.029,514.4,185.18,Completed,2024-09
ORD-01123,2024-01-31,CUST-0312,North,Online,Sports,Regular,3,79.75,0.181,348.62,97.61,Completed,2024-01
ORD-01124,2024-06-30,CUST-0488,East,Marketplace,Beauty,New,7,39.47,0.0819,261.09,75.72,Completed,2024-06
ORD-01125,2024-10-29,CUST-0466,North,Marketplace,Home,New,6,103.9,0.0943,874.8,236.2,Returned,2024-10
ORD-01126,2024-09-22,CUST-0015,Central,Online,Home,Regular,4,60.47,0.2123,280.65,84.2,Completed,2024-09
ORD-01127,2024-11-11,CUST-0342,West,Retail,Electronics,New,6,199.19,0.0679,1645.41,361.99,Returned,2024-11
ORD-01128,2024-03-22,CUST-0408,West,Online,Home,Regular,7,75.92,0.2784,646.13,193.84,Completed,2024-03
ORD-01129,2024-10-28,CUST-0413,West,Online,Fashion,Regular,1,44.89,0.0682,79.58,27.85,Completed,2024-10
ORD-01130,2024-06-17,CUST-0145,South,Online,Sports,Regular,1,97.27,0.179,93.43,26.16,Completed,2024-06
ORD-01131,2024-11-27,CUST-0304,North,Online,Electronics,New,5,142.14,0.0651,1048.13,262.03,Completed,2024-11
ORD-01132,2024-06-13,CUST-0290,Central,Retail,Home,New,3,108.28,0.1459,359.7,97.12,Completed,2024-06
ORD-01133,2024-07-09,CUST-0417,West,Online,Sports,New,4,95.19,0.2608,517.03,144.77,Completed,2024-07
ORD-01134,2024-04-25,CUST-0298,North,Retail,Beauty,New,3,61.1,0.0755,205.97,59.73,Completed,2024-04
ORD-01135,2024-09-04,CUST-0064,West,Online,Beauty,Regular,4,65.9,0.2083,335.84,107.47,Completed,2024-09
ORD-01136,2024-10-16,CUST-0104,East,Retail,Home,New,7,61.29,0.0349,445.5,120.29,Completed,2024-10
ORD-01137,2024-01-10,CUST-0271,East,Marketplace,Fashion,Regular,1,49.06,0.0556,54.26,17.36,Completed,2024-01
ORD-01138,2024-10-26,CUST-0485,East,Online,Home,Regular,2,76.5,0.1696,167.8,50.34,Completed,2024-10
ORD-01139,2024-07-28,CUST-0225,West,Marketplace,Beauty,New,4,65.66,0.081,359.24,104.18,Returned,2024-07
ORD-01140,2024-09-26,CUST-0422,East,Marketplace,Fashion,New,3,49.98,0.1108,167.5,53.6,Completed,2024-09
ORD-01141,2024-08-07,CUST-0175,West,Online,Sports,VIP,7,95.33,0.2704,850.77,272.25,Completed,2024-08
ORD-01142,2024-05-23,CUST-0367,South,Online,Beauty,New,1,52.51,0.1851,61.29,19.61,Completed,2024-05
ORD-01143,2024-02-10,CUST-0073,East,Marketplace,Beauty,New,7,53.03,0.171,368.33,106.82,Completed,2024-02
ORD-01144,2024-07-17,CUST-0226,North,Marketplace,Beauty,New,2,50.76,0.0381,138.66,40.21,Completed,2024-07
ORD-01145,2024-09-08,CUST-0457,East,Online,Sports,Regular,1,76.37,0.0747,85.26,23.87,Completed,2024-09
ORD-01146,2024-01-18,CUST-0289,South,Marketplace,Sports,Regular,7,77.78,0.0836,549.9,137.47,Completed,2024-01
ORD-01147,2024-11-26,CUST-0338,North,Marketplace,Home,New,3,61.3,0.0456,299.54,80.88,Completed,2024-11
ORD-01148,2024-02-11,CUST-0019,East,Online,Fashion,Regular,3,60.44,0.073,238.62,83.52,Completed,2024-02
ORD-01149,2024-03-24,CUST-0304,West,Online,Sports,Regular,6,90.3,0.2016,686.7,192.28,Completed,2024-03
ORD-01150,2024-12-08,CUST-0073,East,Retail,Home,Regular,2,89.68,0.0592,165.71,44.74,Completed,2024-12
ORD-01151,2024-06-20,CUST-0176,North,Retail,Sports,New,3,55.79,0.1549,177.04,44.26,Completed,2024-06
ORD-01152,2024-04-02,CUST-0191,South,Online,Beauty,VIP,6,42.93,0.0751,345.92,124.53,Completed,2024-04
ORD-01153,2024-11-21,CUST-0081,Central,Marketplace,Sports,Regular,6,100.94,0.0725,789.59,197.4,Completed,2024-11
ORD-01154,2024-05-18,CUST-0387,North,Marketplace,Sports,VIP,1,91.61,0.0825,135.82,39.39,Completed,2024-05
ORD-01155,2024-10-18,CUST-0153,East,Marketplace,Sports,New,2,71.57,0.1293,161.21,40.3,Completed,2024-10
ORD-01156,2024-01-03,CUST-0127,South,Marketplace,Fashion,New,6,58.4,0.115,369.24,118.16,Completed,2024-01
ORD-01157,2024-05-25,CUST-0172,West,Online,Sports,New,1,87.95,0.2289,104.82,29.35,Completed,2024-05
ORD-01158,2024-05-10,CUST-0215,East,Online,Sports,New,5,101.28,0.076,641.13,179.52,Completed,2024-05
ORD-01159,2024-05-23,CUST-0426,North,Online,Beauty,Regular,6,68.89,0.2507,540.65,173.01,Completed,2024-05
ORD-01160,2024-12-04,CUST-0023,Central,Online,Beauty,Regular,1,67.16,0.0607,103.25,33.04,Completed,2024-12
ORD-01161,2024-07-22,CUST-0089,Central,Online,Sports,Regular,1,77.63,0.0735,106.33,29.77,Completed,2024-07
ORD-01162,2024-12-16,CUST-0433,East,Online,Electronics,New,1,180.93,0.069,202.32,50.58,Completed,2024-12
ORD-01163,2024-10-06,CUST-0048,North,Marketplace,Sports,Regular,4,91.91,0.0789,513.81,128.45,Completed,2024-10
ORD-01164,2024-06-06,CUST-0464,North,Marketplace,Fashion,Regular,4,57.19,0.1228,303.61,97.16,Completed,2024-06
ORD-01165,2024-02-08,CUST-0470,South,Marketplace,Fashion,New,2,78.15,0.0739,157.95,50.54,Completed,2024-02
ORD-01166,2024-02-16,CUST-0339,West,Online,Home,New,3,84.66,0.1719,309.16,92.75,Completed,2024-02
ORD-01167,2024-07-06,CUST-0024,North,Marketplace,Beauty,Regular,4,51.12,0.1181,294.23,85.33,Completed,2024-07
ORD-01168,2024-06-02,CUST-0156,East,Marketplace,Fashion,Regular,5,46.07,0.0207,233.69,74.78,Completed,2024-06
ORD-01169,2024-09-17,CUST-0416,West,Online,Fashion,New,3,70.89,0.0552,340.67,119.23,Completed,2024-09
ORD-01170,2024-09-09,CUST-0155,South,Marketplace,Beauty,Regular,2,71.43,0.1238,135.42,39.27,Completed,2024-09
ORD-01171,2024-09-26,CUST-0256,South,Online,Fashion,Regular,4,73.38,0.1104,386.77,135.37,Completed,2024-09
ORD-01172,2024-12-07,CUST-0043,West,Online,Beauty,VIP,7,61.83,0.2728,487.67,175.56,Completed,2024-12
ORD-01173,2024-07-21,CUST-0086,Central,Online,Electronics,New,1,157.52,0.1463,220.19,55.05,Completed,2024-07
ORD-01174,2024-01-14,CUST-0409,East,Marketplace,Fashion,VIP,3,53.23,0.0221,195.86,70.51,Completed,2024-01
ORD-01175,2024-04-01,CUST-0335,East,Online,Home,Regular,2,89.66,0.2486,175.56,52.67,Completed,2024-04
ORD-01176,2024-03-09,CUST-0232,West,Retail,Beauty,Regular,5,62.24,0.1177,326.91,94.8,Completed,2024-03
ORD-01177,2024-05-20,CUST-0178,West,Marketplace,Beauty,New,5,46.69,0.1739,304.55,88.32,Completed,2024-05
ORD-01178,2024-10-20,CUST-0487,East,Retail,Beauty,Regular,4,40.25,0.0255,140.51,40.75,Completed,2024-10
ORD-01179,2024-04-13,CUST-0220,West,Marketplace,Beauty,New,2,61.54,0.1534,147.47,42.77,Completed,2024-04
ORD-01180,2024-10-04,CUST-0278,East,Retail,Fashion,Regular,2,54.76,0.1407,83.56,26.74,Completed,2024-10
ORD-01181,2024-03-05,CUST-0150,East,Online,Sports,Regular,3,88.24,0.115,292.99,82.04,Completed,2024-03
ORD-01182,2024-04-03,CUST-0126,South,Retail,Home,VIP,3,102.05,0.1268,255.56,79.22,Completed,2024-04
ORD-01183,2024-08-04,CUST-0486,South,Online,Electronics,Regular,3,197.97,0.0558,681.55,170.39,Completed,2024-08
ORD-01184,2024-05-19,CUST-0310,Central,Online,Home,New,6,89.2,0.1019,614.24,184.27,Completed,2024-05
ORD-01185,2024-02-27,CUST-0487,North,Marketplace,Electronics,New,3,165.63,0.1408,676.07,148.74,Completed,2024-02
ORD-01186,2024-12-11,CUST-0319,Central,Retail,Home,VIP,1,99.3,0.0603,107.63,33.37,Completed,2024-12
ORD-01187,2024-02-18,CUST-0473,Central,Marketplace,Sports,New,3,96.52,0.1145,306.86,76.72,Completed,2024-02
ORD-01188,2024-10-11,CUST-0106,North,Retail,Electronics,VIP,3,179.7,0.1218,554.63,144.2,Completed,2024-10
ORD-01189,2024-12-05,CUST-0093,East,Marketplace,Beauty,Regular,5,62.69,0.0317,338.68,98.22,Completed,2024-12
ORD-01190,2024-02-18,CUST-0466,South,Online,Sports,New,4,96.51,0.1329,404.14,113.16,Completed,2024-02
ORD-01191,2024-11-06,CUST-0255,Central,Marketplace,Beauty,New,6,41.28,0.1118,256.49,74.38,Completed,2024-11
ORD-01192,2024-07-13,CUST-0319,Central,Online,Home,Regular,1,110.52,0.1636,128.45,38.54,Completed,2024-07
ORD-01193,2024-06-17,CUST-0045,Central,Online,Home,Regular,2,111.77,0.2694,238.87,71.66,Completed,2024-06
ORD-01194,2024-01-10,CUST-0349,East,Online,Home,Regular,7,87.57,0.084,616.81,185.04,Completed,2024-01
ORD-01195,2024-03-01,CUST-0011,West,Online,Electronics,New,1,147.61,0.1971,210.96,52.74,Completed,2024-03
ORD-01196,2024-08-15,CUST-0313,West,Online,Electronics,New,4,176.02,0.178,1069.82,267.45,Completed,2024-08
ORD-01197,2024-04-27,CUST-0327,North,Online,Beauty,New,1,52.44,0.2152,67.82,21.7,Completed,2024-04
ORD-01198,2024-08-08,CUST-0037,North,Online,Beauty,New,5,62.36,0.0646,518.67,165.97,Completed,2024-08
ORD-01199,2024-12-27,CUST-0264,Central,Retail,Sports,New,2,91.21,0.0419,176.86,44.22,Completed,2024-12
ORD-01200,2024-02-08,CUST-0242,Central,Online,Beauty,Regular,2,44.49,0.1296,113.87,36.44,Completed,2024-02
ORD-01201,2024-03-06,CUST-0196,East,Marketplace,Electronics,Regular,7,129.91,0.171,864.6,190.21,Completed,2024-03
ORD-01202,2024-08-01,CUST-0347,Central,Online,Home,VIP,2,93.24,0.1039,238.18,80.98,Completed,2024-08
ORD-01203,2024-02-21,CUST-0362,North,Marketplace,Electronics,Regular,7,128.46,0.1372,1236.72,272.08,Returned,2024-02
ORD-01204,2024-09-30,CUST-0181,West,Online,Beauty,New,1,70.3,0.2021,108.15,34.61,Completed,2024-09
ORD-01205,2024-09-08,CUST-0013,South,Marketplace,Home,Regular,3,89.99,0.1494,267.57,72.24,Completed,2024-09
ORD-01206,2024-10-29,CUST-0051,West,Online,Electronics,VIP,7,196.62,0.1645,1946.1,564.37,Completed,2024-10
ORD-01207,2024-03-27,CUST-0400,South,Online,Fashion,Regular,7,50.28,0.2049,414.86,145.2,Completed,2024-03
ORD-01208,2024-01-29,CUST-0198,East,Retail,Electronics,VIP,4,147.38,0.1415,546.68,142.14,Completed,2024-01
ORD-01209,2024-07-11,CUST-0497,North,Marketplace,Beauty,VIP,7,69.44,0.1593,691.82,228.3,Completed,2024-07
ORD-01210,2024-07-02,CUST-0055,Central,Retail,Fashion,New,4,66.74,0.1321,258.94,82.86,Completed,2024-07
ORD-01211,2024-07-16,CUST-0145,East,Online,Electronics,VIP,7,125.81,0.0513,1148.86,333.17,Completed,2024-07
ORD-01212,2024-06-30,CUST-0093,North,Online,Electronics,New,1,184.11,0.0633,269.86,67.47,Completed,2024-06
ORD-01213,2024-11-05,CUST-0110,East,Online,Fashion,New,3,46.5,0.0765,149.34,52.27,Returned,2024-11
ORD-01214,2024-07-01,CUST-0462,South,Online,Electronics,Regular,5,189.4,0.1909,1007.54,251.88,Completed,2024-07
ORD-01215,2024-01-26,CUST-0244,Central,Retail,Beauty,New,5,47.29,0.0338,224.17,65.01,Completed,2024-01
ORD-01216,2024-01-23,CUST-0186,West,Marketplace,Sports,Regular,1,83.24,0.1488,101.74,25.43,Completed,2024-01
ORD-01217,2024-05-08,CUST-0189,West,Marketplace,Sports,New,2,101.68,0.0482,308.24,77.06,Completed,2024-05
ORD-01218,2024-08-22,CUST-0330,North,Retail,Electronics,Regular,2,162.02,0.0814,398.44,87.66,Completed,2024-08
ORD-01219,2024-09-29,CUST-0447,Central,Online,Beauty,Regular,7,66.56,0.0806,694.65,222.29,Returned,2024-09
ORD-01220,2024-05-20,CUST-0219,South,Marketplace,Electronics,Regular,5,185.46,0.1039,952.59,209.57,Completed,2024-05
ORD-01221,2024-07-03,CUST-0146,Central,Retail,Electronics,Regular,7,156.36,0.105,1177.3,259.01,Completed,2024-07
ORD-01222,2024-05-24,CUST-0372,West,Retail,Electronics,New,4,182.72,0.1071,771.97,169.83,Completed,2024-05
ORD-01223,2024-05-29,CUST-0407,North,Online,Beauty,Regular,3,44.48,0.1689,165.04,52.81,Completed,2024-05
ORD-01224,2024-02-12,CUST-0188,East,Online,Beauty,New,5,45.67,0.2577,186.57,59.7,Completed,2024-02
ORD-01225,2024-04-15,CUST-0304,North,Marketplace,Electronics,New,2,113.73,0.0659,306.75,67.48,Completed,2024-04
ORD-01226,2024-04-28,CUST-0365,North,Retail,Beauty,Regular,1,45.94,0.159,43.05,12.48,Completed,2024-04
ORD-01227,2024-01-14,CUST-0191,East,Online,Beauty,New,4,59.55,0.0628,250.17,80.05,Returned,2024-01
ORD-01228,2024-03-13,CUST-0442,North,Marketplace,Electronics,New,1,192.34,0.1659,234.8,51.66,Completed,2024-03
ORD-01229,2024-03-07,CUST-0248,South,Retail,Electronics,VIP,3,156.6,0.1024,414.78,107.84,Completed,2024-03
ORD-01230,2024-09-09,CUST-0005,West,Marketplace,Beauty,Regular,3,44.13,0.0954,211.46,61.32,Completed,2024-09
ORD-01231,2024-06-18,CUST-0320,East,Marketplace,Home,New,7,71.03,0.1085,487.62,131.66,Completed,2024-06
ORD-01232,2024-05-21,CUST-0349,South,Online,Electronics,New,3,147.32,0.0864,480.62,120.16,Completed,2024-05
ORD-01233,2024-12-09,CUST-0250,West,Online,Beauty,Regular,2,43.55,0.1651,138.63,44.36,Completed,2024-12
ORD-01234,2024-09-15,CUST-0393,North,Marketplace,Fashion,New,3,50.4,0.168,204.84,65.55,Completed,2024-09
ORD-01235,2024-05-11,CUST-0179,West,Online,Home,New,3,103.49,0.2483,377.67,113.3,Completed,2024-05
ORD-01236,2024-12-09,CUST-0173,South,Marketplace,Electronics,Regular,4,134.09,0.1586,605.65,133.24,Completed,2024-12
ORD-01237,2024-10-07,CUST-0252,North,Online,Sports,Regular,6,54.9,0.2565,435.64,121.98,Completed,2024-10
ORD-01238,2024-07-16,CUST-0460,West,Marketplace,Beauty,Regular,3,45.98,0.0523,202.82,58.82,Completed,2024-07
ORD-01239,2024-08-14,CUST-0394,East,Online,Beauty,Regular,7,49.11,0.2476,333.78,106.81,Completed,2024-08
ORD-01240,2024-12-06,CUST-0153,Central,Online,Home,New,4,89.62,0.145,497.06,149.12,Completed,2024-12
ORD-01241,2024-06-28,CUST-0021,South,Retail,Fashion,Regular,6,47.68,0.1755,217.68,69.66,Completed,2024-06
ORD-01242,2024-03-18,CUST-0340,West,Retail,Fashion,New,6,63.23,0.0528,451.41,144.45,Completed,2024-03
ORD-01243,2024-02-18,CUST-0353,South,Online,Home,Regular,3,107.42,0.1027,399.9,119.97,Completed,2024-02
ORD-01244,2024-05-26,CUST-0121,South,Online,Electronics,Regular,5,173.91,0.1762,1112.36,278.09,Completed,2024-05
ORD-01245,2024-05-02,CUST-0238,Central,Marketplace,Fashion,Regular,5,72.67,0.0415,440.92,141.09,Completed,2024-05
ORD-01246,2024-03-29,CUST-0488,East,Marketplace,Fashion,New,1,44.6,0.0216,51.4,16.45,Completed,2024-03
ORD-01247,2024-10-15,CUST-0047,North,Online,Fashion,Regular,5,81.9,0.1274,512.2,179.27,Completed,2024-10
ORD-01248,2024-07-07,CUST-0063,West,Retail,Sports,New,6,67.78,0.0219,548.41,137.1,Returned,2024-07
ORD-01249,2024-12-26,CUST-0407,West,Marketplace,Sports,Regular,4,70.56,0.0736,387.02,96.75,Completed,2024-12
ORD-01250,2024-08-16,CUST-0223,South,Retail,Electronics,New,7,142.32,0.0465,1012.16,222.68,Completed,2024-08
ORD-01251,2024-01-13,CUST-0019,West,Online,Beauty,New,4,48.61,0.0861,343.56,109.94,Completed,2024-01
ORD-01252,2024-04-12,CUST-0255,North,Retail,Home,Regular,1,62.31,0.0459,67.29,18.17,Returned,2024-04
ORD-01253,2024-12-27,CUST-0362,West,Retail,Beauty,New,4,44.11,0.0656,253.5,73.52,Completed,2024-12
ORD-01254,2024-08-02,CUST-0081,South,Online,Electronics,VIP,2,198.17,0.1996,461.55,133.85,Completed,2024-08
ORD-01255,2024-11-17,CUST-0471,West,Marketplace,Electronics,VIP,4,199.87,0.1196,1103.52,286.92,Completed,2024-11
ORD-01256,2024-12-17,CUST-0329,North,Online,Fashion,Regular,3,56.79,0.1584,227.53,79.64,Completed,2024-12
ORD-01257,2024-12-18,CUST-0012,Central,Online,Beauty,New,5,61.59,0.1449,345.2,110.46,Completed,2024-12
ORD-01258,2024-08-28,CUST-0485,North,Marketplace,Home,Regular,4,106.39,0.0975,497.83,134.41,Completed,2024-08
ORD-01259,2024-04-13,CUST-0480,East,Retail,Sports,New,2,64.9,0.0369,137.7,34.42,Completed,2024-04
ORD-01260,2024-06-07,CUST-0373,South,Retail,Sports,New,5,80.91,0.048,439.01,109.75,Completed,2024-06
ORD-01261,2024-05-17,CUST-0478,East,Marketplace,Home,New,1,94.43,0.1495,100.31,27.08,Completed,2024-05
ORD-01262,2024-09-20,CUST-0052,North,Online,Fashion,Regular,6,49.77,0.1958,408.03,142.81,Completed,2024-09
ORD-01263,2024-10-01,CUST-0117,North,Marketplace,Sports,New,3,100.81,0.1434,420.25,105.06,Returned,2024-10
ORD-01264,2024-10-24,CUST-0473,West,Online,Home,New,2,105.18,0.1327,290.1,87.03,Completed,2024-10
ORD-01265,2024-10-24,CUST-0218,South,Retail,Sports,New,1,99.28,0.1068,89.71,22.43,Completed,2024-10
ORD-01266,2024-01-07,CUST-0064,North,Retail,Home,New,1,68.58,0.0683,93.03,25.12,Completed,2024-01
ORD-01267,2024-08-31,CUST-0054,North,Online,Home,VIP,6,85.39,0.2443,573.63,195.03,Completed,2024-08
ORD-01268,2024-04-24,CUST-0024,West,Retail,Beauty,New,7,38.66,0.1521,274.23,79.53,Completed,2024-04
ORD-01269,2024-09-01,CUST-0029,East,Online,Sports,New,1,74.25,0.2055,81.86,22.92,Completed,2024-09
ORD-01270,2024-04-16,CUST-0170,North,Online,Home,New,1,85.6,0.2318,114.4,34.32,Completed,2024-04
ORD-01271,2024-02-19,CUST-0270,North,Online,Fashion,New,4,48.15,0.2693,250.38,87.63,Completed,2024-02
ORD-01272,2024-11-18,CUST-0159,Central,Online,Electronics,Regular,7,198.96,0.0936,1935.4,483.85,Completed,2024-11
ORD-01273,2024-05-28,CUST-0330,North,Retail,Beauty,New,5,67.73,0.1175,332.12,96.31,Completed,2024-05
ORD-01274,2024-05-16,CUST-0174,North,Marketplace,Electronics,Regular,7,135.82,0.0551,1183.72,260.42,Returned,2024-05
ORD-01275,2024-08-13,CUST-0460,South,Online,Fashion,New,3,47.82,0.207,168.16,58.86,Completed,2024-08
ORD-01276,2024-10-11,CUST-0244,West,Marketplace,Beauty,New,4,61.98,0.1109,311.86,90.44,Completed,2024-10
ORD-01277,2024-12-27,CUST-0209,South,Online,Home,New,4,60.15,0.18,272.0,81.6,Completed,2024-12
ORD-01278,2024-01-14,CUST-0349,West,Retail,Electronics,New,1,190.68,0.1348,234.63,51.62,Completed,2024-01
ORD-01279,2024-09-29,CUST-0037,West,Retail,Beauty,Regular,5,40.53,0.0778,269.89,78.27,Completed,2024-09
ORD-01280,2024-06-03,CUST-0125,South,Marketplace,Home,Regular,5,103.09,0.0483,590.74,159.5,Completed,2024-06
ORD-01281,2024-12-29,CUST-0169,South,Retail,Electronics,New,6,142.74,0.1457,758.09,166.78,Completed,2024-12
ORD-01282,2024-10-22,CUST-0491,North,Retail,Sports,Regular,1,97.72,0.0705,109.88,27.47,Completed,2024-10
ORD-01283,2024-02-06,CUST-0457,Central,Online,Fashion,New,6,76.21,0.2723,446.35,156.22,Completed,2024-02
ORD-01284,2024-11-01,CUST-0146,South,Marketplace,Fashion,Regular,2,74.43,0.0557,192.7,61.66,Completed,2024-11
ORD-01285,2024-11-03,CUST-0068,West,Online,Home,New,3,99.07,0.1579,484.51,145.35,Completed,2024-11
ORD-01286,2024-08-21,CUST-0477,West,Online,Sports,New,5,63.9,0.0926,547.76,153.37,Completed,2024-08
ORD-01287,2024-04-14,CUST-0377,East,Retail,Electronics,New,1,194.91,0.0756,185.72,40.86,Completed,2024-04
ORD-01288,2024-06-19,CUST-0493,West,Marketplace,Fashion,Regular,7,53.43,0.1117,522.87,167.32,Completed,2024-06
ORD-01289,2024-05-09,CUST-0062,Central,Retail,Beauty,Regular,3,62.03,0.0411,204.45,59.29,Completed,2024-05
ORD-01290,2024-08-15,CUST-0424,East,Retail,Sports,Regular,1,70.89,0.1014,61.03,15.26,Returned,2024-08
ORD-01291,2024-11-24,CUST-0290,Central,Marketplace,Fashion,New,6,52.4,0.0205,372.47,119.19,Completed,2024-11
ORD-01292,2024-06-18,CUST-0422,South,Online,Sports,New,1,80.85,0.0518,117.1,32.79,Completed,2024-06
ORD-01293,2024-07-12,CUST-0358,West,Marketplace,Sports,New,2,91.15,0.1761,264.32,66.08,Completed,2024-07
ORD-01294,2024-01-16,CUST-0282,South,Marketplace,Sports,Regular,1,71.51,0.1526,75.02,18.75,Completed,2024-01
ORD-01295,2024-04-04,CUST-0340,East,Marketplace,Beauty,Regular,4,54.71,0.1255,231.23,67.06,Completed,2024-04
ORD-01296,2024-06-07,CUST-0340,Central,Retail,Fashion,New,6,46.97,0.055,300.26,96.08,Completed,2024-06
ORD-01297,2024-01-10,CUST-0010,East,Online,Sports,New,6,59.7,0.1062,429.88,120.37,Completed,2024-01
ORD-01298,2024-09-27,CUST-0008,East,Retail,Home,Regular,4,95.79,0.1183,363.21,98.07,Completed,2024-09
ORD-01299,2024-06-02,CUST-0301,West,Online,Home,Regular,6,67.52,0.0944,700.85,210.26,Completed,2024-06
ORD-01300,2024-08-06,CUST-0220,East,Retail,Fashion,Regular,5,46.09,0.0834,226.31,72.42,Completed,2024-08
ORD-01301,2024-07-30,CUST-0292,Central,Marketplace,Electronics,Regular,7,132.57,0.0522,1230.95,270.81,Completed,2024-07
ORD-01302,2024-12-30,CUST-0012,West,Retail,Home,Regular,6,66.82,0.1029,548.61,148.12,Completed,2024-12
ORD-01303,2024-12-29,CUST-0362,East,Marketplace,Electronics,New,3,128.81,0.05,388.17,85.4,Completed,2024-12
ORD-01304,2024-12-21,CUST-0392,West,Retail,Fashion,New,5,60.4,0.1177,370.31,118.5,Completed,2024-12
ORD-01305,2024-08-16,CUST-0498,South,Online,Fashion,New,4,52.89,0.26,206.93,72.43,Completed,2024-08
ORD-01306,2024-01-21,CUST-0309,South,Retail,Home,VIP,3,88.6,0.0257,243.1,75.36,Completed,2024-01
ORD-01307,2024-03-24,CUST-0447,North,Marketplace,Home,Regular,5,101.48,0.0516,774.95,209.24,Completed,2024-03
ORD-01308,2024-11-05,CUST-0313,East,Retail,Electronics,New,6,207.38,0.1259,1133.61,249.39,Completed,2024-11
ORD-01309,2024-09-29,CUST-0100,South,Retail,Sports,New,7,76.67,0.0608,551.95,137.99,Completed,2024-09
ORD-01310,2024-01-05,CUST-0034,West,Marketplace,Sports,New,7,77.44,0.0894,855.91,213.98,Completed,2024-01
ORD-01311,2024-03-06,CUST-0323,Central,Online,Electronics,Regular,6,137.62,0.1961,840.4,210.1,Completed,2024-03
ORD-01312,2024-04-13,CUST-0225,Central,Online,Beauty,New,5,70.32,0.1509,481.22,153.99,Completed,2024-04
ORD-01313,2024-04-27,CUST-0385,South,Online,Beauty,Regular,5,50.7,0.062,333.01,106.56,Completed,2024-04
ORD-01314,2024-11-05,CUST-0043,West,Retail,Beauty,Regular,7,38.98,0.1451,338.76,98.24,Completed,2024-11
ORD-01315,2024-03-21,CUST-0086,North,Online,Fashion,VIP,4,46.37,0.2003,272.88,106.42,Completed,2024-03
ORD-01316,2024-04-14,CUST-0240,Central,Retail,Beauty,New,6,68.51,0.0894,449.91,130.47,Returned,2024-04
ORD-01317,2024-02-10,CUST-0033,North,Marketplace,Fashion,Regular,7,57.27,0.1347,492.29,157.53,Completed,2024-02
ORD-01318,2024-03-02,CUST-0478,West,Online,Beauty,Regular,3,69.49,0.1589,320.81,102.66,Completed,2024-03
ORD-01319,2024-09-04,CUST-0197,South,Marketplace,Sports,Regular,1,80.88,0.1052,82.16,20.54,Returned,2024-09
ORD-01320,2024-03-19,CUST-0459,Central,Online,Electronics,Regular,5,150.62,0.0668,1124.89,281.22,Completed,2024-03
ORD-01321,2024-06-12,CUST-0096,South,Marketplace,Fashion,Regular,6,68.22,0.0889,508.39,162.68,Completed,2024-06
ORD-01322,2024-12-07,CUST-0257,South,Online,Sports,Regular,4,74.55,0.1422,364.57,102.08,Completed,2024-12
ORD-01323,2024-05-30,CUST-0044,West,Retail,Fashion,New,6,73.9,0.0864,537.65,172.05,Completed,2024-05
ORD-01324,2024-03-04,CUST-0486,East,Online,Beauty,Regular,1,43.07,0.1819,47.72,15.27,Completed,2024-03
ORD-01325,2024-06-19,CUST-0228,West,Marketplace,Fashion,Regular,1,52.77,0.0956,82.79,26.49,Completed,2024-06
ORD-01326,2024-03-21,CUST-0395,West,Retail,Beauty,VIP,3,52.91,0.039,230.75,76.15,Completed,2024-03
ORD-01327,2024-10-12,CUST-0098,Central,Marketplace,Beauty,New,6,67.96,0.0427,500.82,145.24,Completed,2024-10
ORD-01328,2024-03-23,CUST-0389,South,Online,Beauty,VIP,1,54.74,0.1514,64.34,23.16,Completed,2024-03
ORD-01329,2024-12-26,CUST-0032,East,Online,Beauty,New,6,67.13,0.1897,380.62,121.8,Completed,2024-12
ORD-01330,2024-10-14,CUST-0037,Central,Online,Beauty,Regular,4,70.96,0.2553,289.53,92.65,Completed,2024-10
ORD-01331,2024-09-19,CUST-0488,West,Retail,Sports,Regular,5,84.71,0.0714,576.51,144.13,Completed,2024-09
ORD-01332,2024-04-29,CUST-0222,South,Online,Home,Regular,3,102.87,0.083,356.58,106.97,Completed,2024-04
ORD-01333,2024-11-11,CUST-0239,West,Online,Beauty,Regular,2,42.84,0.2114,123.77,39.61,Returned,2024-11
ORD-01334,2024-06-04,CUST-0016,South,Marketplace,Beauty,New,7,44.44,0.0364,404.71,117.37,Completed,2024-06
ORD-01335,2024-11-16,CUST-0287,South,Online,Beauty,VIP,2,54.71,0.2225,112.69,40.57,Completed,2024-11
ORD-01336,2024-09-02,CUST-0424,East,Retail,Sports,Regular,7,87.62,0.1049,599.25,149.81,Completed,2024-09
ORD-01337,2024-09-13,CUST-0255,East,Online,Sports,VIP,5,57.7,0.1016,284.33,90.99,Completed,2024-09
ORD-01338,2024-07-01,CUST-0423,East,Online,Beauty,VIP,1,64.08,0.1438,71.52,25.75,Completed,2024-07
ORD-01339,2024-09-21,CUST-0275,North,Online,Fashion,VIP,6,68.85,0.2058,521.69,203.46,Completed,2024-09
ORD-01340,2024-06-15,CUST-0148,East,Marketplace,Electronics,Regular,5,161.75,0.1426,803.65,176.8,Completed,2024-06
ORD-01341,2024-01-02,CUST-0085,North,Retail,Home,New,7,111.8,0.1798,851.47,229.9,Completed,2024-01
ORD-01342,2024-04-28,CUST-0018,West,Online,Sports,Regular,4,88.17,0.2765,427.05,119.57,Completed,2024-04
ORD-01343,2024-05-24,CUST-0189,South,Marketplace,Home,Regular,5,109.41,0.1463,634.41,171.29,Completed,2024-05
ORD-01344,2024-11-04,CUST-0417,West,Marketplace,Fashion,Regular,3,60.35,0.0455,249.3,79.78,Completed,2024-11
ORD-01345,2024-12-30,CUST-0233,West,Retail,Electronics,Regular,4,194.29,0.0976,1051.45,231.32,Returned,2024-12
ORD-01346,2024-08-09,CUST-0411,North,Marketplace,Beauty,New,7,59.76,0.0671,567.92,164.7,Completed,2024-08
ORD-01347,2024-07-31,CUST-0151,Central,Online,Beauty,New,4,52.61,0.1847,236.95,75.82,Completed,2024-07
ORD-01348,2024-10-09,CUST-0242,Central,Online,Fashion,Regular,2,61.9,0.193,134.27,46.99,Completed,2024-10
ORD-01349,2024-12-05,CUST-0069,Central,Retail,Sports,Regular,1,55.84,0.0481,66.87,16.72,Returned,2024-12
ORD-01350,2024-12-16,CUST-0280,East,Marketplace,Sports,New,3,63.12,0.069,222.51,55.63,Returned,2024-12
ORD-01351,2024-01-21,CUST-0031,North,Marketplace,Home,Regular,2,88.88,0.1135,219.79,59.34,Completed,2024-01
ORD-01352,2024-07-23,CUST-0293,South,Retail,Sports,New,4,68.75,0.1324,223.06,55.77,Completed,2024-07
ORD-01353,2024-08-22,CUST-0178,West,Online,Beauty,New,5,70.56,0.074,541.27,173.21,Completed,2024-08
ORD-01354,2024-09-29,CUST-0263,South,Online,Beauty,Regular,3,58.94,0.1497,175.74,56.24,Completed,2024-09
ORD-01355,2024-02-20,CUST-0040,South,Online,Beauty,New,1,49.99,0.2136,56.77,18.17,Completed,2024-02
ORD-01356,2024-04-01,CUST-0402,West,Retail,Beauty,New,6,45.61,0.1649,265.48,76.99,Completed,2024-04
ORD-01357,2024-10-06,CUST-0210,West,Retail,Fashion,Regular,2,67.36,0.1359,145.37,46.52,Completed,2024-10
ORD-01358,2024-03-29,CUST-0247,West,Online,Beauty,Regular,1,51.54,0.2253,61.67,19.73,Completed,2024-03
ORD-01359,2024-05-26,CUST-0026,East,Marketplace,Home,New,1,96.49,0.1757,80.95,21.86,Completed,2024-05
ORD-01360,2024-08-18,CUST-0282,Central,Retail,Home,VIP,2,72.21,0.0994,162.01,50.22,Completed,2024-08
ORD-01361,2024-12-10,CUST-0430,North,Online,Sports,Regular,6,97.0,0.1028,934.92,261.78,Completed,2024-12
ORD-01362,2024-02-21,CUST-0121,South,Marketplace,Electronics,New,1,197.27,0.0942,252.22,55.49,Completed,2024-02
ORD-01363,2024-05-09,CUST-0052,South,Online,Beauty,New,7,43.84,0.1219,362.27,115.93,Completed,2024-05
ORD-01364,2024-12-20,CUST-0012,South,Online,Electronics,Regular,5,191.33,0.2637,980.69,245.17,Completed,2024-12
ORD-01365,2024-05-01,CUST-0482,West,Marketplace,Beauty,VIP,1,52.74,0.1187,61.38,20.26,Completed,2024-05
ORD-01366,2024-03-30,CUST-0185,East,Marketplace,Beauty,Regular,4,48.33,0.0491,235.2,68.21,Completed,2024-03
ORD-01367,2024-04-15,CUST-0394,Central,Marketplace,Home,New,5,98.06,0.1009,521.14,140.71,Completed,2024-04
ORD-01368,2024-12-23,CUST-0459,West,Retail,Beauty,New,2,60.57,0.1687,133.06,38.59,Completed,2024-12
ORD-01369,2024-06-04,CUST-0409,Central,Online,Sports,VIP,5,76.41,0.0984,565.59,180.99,Completed,2024-06
ORD-01370,2024-09-08,CUST-0485,South,Retail,Beauty,VIP,7,70.24,0.1088,537.77,177.46,Completed,2024-09
ORD-01371,2024-05-03,CUST-0344,South,Marketplace,Electronics,VIP,3,164.56,0.0411,665.08,172.92,Completed,2024-05
ORD-01372,2024-10-28,CUST-0443,West,Retail,Fashion,Regular,2,79.14,0.084,181.44,58.06,Completed,2024-10
ORD-01373,2024-09-15,CUST-0289,East,Marketplace,Home,Regular,7,77.74,0.0635,517.37,139.69,Completed,2024-09
ORD-01374,2024-05-14,CUST-0499,West,Marketplace,Home,New,4,73.65,0.1634,406.75,109.82,Completed,2024-05
ORD-01375,2024-08-06,CUST-0414,East,Retail,Electronics,Regular,1,146.27,0.1422,138.27,30.42,Completed,2024-08
ORD-01376,2024-03-07,CUST-0484,Central,Retail,Electronics,VIP,2,184.73,0.0392,426.06,110.78,Completed,2024-03
ORD-01377,2024-10-12,CUST-0426,South,Online,Sports,Regular,5,86.3,0.1164,527.02,147.57,Returned,2024-10
ORD-01378,2024-09-05,CUST-0343,East,Marketplace,Fashion,New,6,60.59,0.1695,370.74,118.64,Returned,2024-09
ORD-01379,2024-07-21,CUST-0413,South,Retail,Beauty,New,7,54.99,0.1699,318.23,92.29,Completed,2024-07
ORD-01380,2024-08-19,CUST-0455,Central,Marketplace,Fashion,VIP,2,63.96,0.0929,170.48,61.37,Completed,2024-08
ORD-01381,2024-06-23,CUST-0143,Central,Online,Home,Regular,1,92.08,0.2351,100.72,30.22,Completed,2024-06
ORD-01382,2024-02-17,CUST-0183,South,Marketplace,Home,New,1,105.78,0.087,128.37,34.66,Completed,2024-02
ORD-01383,2024-02-27,CUST-0041,South,Online,Home,VIP,4,81.77,0.1827,338.25,115.0,Completed,2024-02
ORD-01384,2024-05-13,CUST-0216,South,Online,Home,VIP,7,81.94,0.1389,592.31,201.39,Returned,2024-05
ORD-01385,2024-02-14,CUST-0158,Central,Retail,Home,VIP,3,64.35,0.1032,214.05,66.36,Completed,2024-02
ORD-01386,2024-03-12,CUST-0354,West,Marketplace,Beauty,New,5,48.86,0.1798,319.16,92.56,Completed,2024-03
ORD-01387,2024-07-05,CUST-0119,Central,Retail,Fashion,Regular,7,70.11,0.0799,568.0,181.76,Completed,2024-07
ORD-01388,2024-04-18,CUST-0216,North,Marketplace,Beauty,New,7,67.27,0.0351,697.96,202.41,Completed,2024-04
ORD-01389,2024-11-27,CUST-0225,Central,Online,Electronics,Regular,2,154.01,0.1332,390.04,97.51,Completed,2024-11
ORD-01390,2024-09-03,CUST-0249,North,Marketplace,Fashion,Regular,1,50.38,0.0781,72.52,23.21,Completed,2024-09
ORD-01391,2024-08-20,CUST-0039,Central,Online,Fashion,Regular,6,80.75,0.1225,566.44,198.25,Completed,2024-08
ORD-01392,2024-03-07,CUST-0142,North,Marketplace,Beauty,New,3,44.51,0.176,184.49,53.5,Completed,2024-03
ORD-01393,2024-09-10,CUST-0086,Central,Retail,Sports,Regular,1,69.96,0.0668,64.46,16.11,Completed,2024-09
ORD-01394,2024-09-21,CUST-0025,North,Retail,Beauty,New,6,42.07,0.1305,252.06,73.1,Completed,2024-09
ORD-01395,2024-05-05,CUST-0018,South,Marketplace,Beauty,New,1,68.84,0.1602,66.72,19.35,Completed,2024-05
ORD-01396,2024-10-05,CUST-0465,North,Online,Beauty,New,6,66.21,0.1853,584.74,187.12,Completed,2024-10
ORD-01397,2024-02-21,CUST-0354,West,Retail,Beauty,New,3,65.43,0.1731,217.96,63.21,Completed,2024-02
ORD-01398,2024-10-17,CUST-0300,East,Marketplace,Beauty,VIP,6,46.04,0.0228,340.35,112.32,Completed,2024-10
ORD-01399,2024-07-09,CUST-0251,North,Online,Home,VIP,3,71.58,0.1313,268.01,91.12,Completed,2024-07
ORD-01400,2024-10-11,CUST-0305,West,Online,Fashion,Regular,2,44.64,0.0901,121.0,42.35,Completed,2024-10
ORD-01401,2024-11-19,CUST-0090,West,Online,Electronics,Regular,7,123.59,0.0874,1393.83,348.46,Completed,2024-11
ORD-01402,2024-10-03,CUST-0387,Central,Marketplace,Electronics,Regular,6,142.62,0.0328,967.8,212.92,Completed,2024-10
ORD-01403,2024-05-12,CUST-0384,Central,Marketplace,Home,Regular,6,79.5,0.1239,553.23,149.37,Completed,2024-05
ORD-01404,2024-02-22,CUST-0359,North,Retail,Home,New,6,95.39,0.1395,725.2,195.8,Completed,2024-02
ORD-01405,2024-07-21,CUST-0296,North,Marketplace,Sports,Regular,2,75.29,0.1411,171.46,42.87,Completed,2024-07
ORD-01406,2024-02-11,CUST-0322,West,Marketplace,Electronics,Regular,3,192.53,0.0941,809.27,178.04,Completed,2024-02
ORD-01407,2024-07-09,CUST-0390,South,Marketplace,Fashion,Regular,1,53.24,0.052,54.24,17.36,Completed,2024-07
ORD-01408,2024-10-09,CUST-0135,South,Marketplace,Home,Regular,1,89.43,0.1605,87.24,23.55,Completed,2024-10
ORD-01409,2024-09-21,CUST-0342,North,Retail,Electronics,Regular,5,116.87,0.0497,674.56,148.4,Completed,2024-09
ORD-01410,2024-02-25,CUST-0177,Central,Online,Home,New,7,67.06,0.0791,591.58,177.47,Completed,2024-02
ORD-01411,2024-10-02,CUST-0039,North,Online,Beauty,Regular,5,67.39,0.1155,545.37,174.52,Returned,2024-10
ORD-01412,2024-11-29,CUST-0181,East,Online,Home,Regular,2,68.59,0.1769,154.71,46.41,Completed,2024-11
ORD-01413,2024-12-27,CUST-0321,West,Marketplace,Sports,Regular,3,78.21,0.178,330.21,82.55,Returned,2024-12
ORD-01414,2024-03-02,CUST-0437,West,Online,Fashion,New,7,44.42,0.1023,484.36,169.53,Completed,2024-03
ORD-01415,2024-12-12,CUST-0111,East,Retail,Electronics,New,7,146.17,0.0222,908.89,199.96,Completed,2024-12
ORD-01416,2024-08-23,CUST-0430,South,Retail,Home,Regular,4,67.84,0.0745,232.59,62.8,Completed,2024-08
ORD-01417,2024-05-26,CUST-0478,Central,Marketplace,Sports,Regular,7,74.06,0.0864,543.29,135.82,Completed,2024-05
ORD-01418,2024-02-13,CUST-0109,South,Retail,Fashion,Regular,7,67.59,0.049,438.48,140.31,Completed,2024-02
ORD-01419,2024-04-09,CUST-0029,West,Marketplace,Fashion,Regular,2,60.38,0.1747,150.81,48.26,Completed,2024-04
ORD-01420,2024-10-19,CUST-0079,North,Retail,Electronics,Regular,6,162.84,0.1676,921.8,202.8,Completed,2024-10
ORD-01421,2024-11-14,CUST-0153,Central,Marketplace,Fashion,VIP,1,68.16,0.1677,82.29,29.62,Completed,2024-11
ORD-01422,2024-06-17,CUST-0217,West,Retail,Sports,New,6,60.53,0.1736,350.0,87.5,Completed,2024-06
ORD-01423,2024-02-13,CUST-0144,Central,Online,Home,Regular,1,94.06,0.0943,124.96,37.49,Completed,2024-02
ORD-01424,2024-04-29,CUST-0353,South,Marketplace,Home,New,5,68.83,0.0667,393.13,106.15,Completed,2024-04
ORD-01425,2024-10-04,CUST-0340,West,Marketplace,Fashion,VIP,4,76.28,0.1346,467.84,168.42,Completed,2024-10
ORD-01426,2024-12-15,CUST-0087,West,Marketplace,Fashion,New,3,67.65,0.0866,276.6,88.51,Completed,2024-12
ORD-01427,2024-04-25,CUST-0038,East,Online,Electronics,New,2,192.32,0.1777,421.6,105.4,Returned,2024-04
ORD-01428,2024-08-22,CUST-0471,West,Retail,Fashion,Regular,3,71.79,0.0369,246.43,78.86,Completed,2024-08
ORD-01429,2024-10-21,CUST-0080,North,Retail,Beauty,Regular,7,40.89,0.1618,265.32,76.94,Completed,2024-10
ORD-01430,2024-06-27,CUST-0270,West,Online,Sports,Regular,5,70.43,0.1048,588.9,164.89,Completed,2024-06
ORD-01431,2024-04-30,CUST-0026,South,Online,Home,New,6,74.76,0.0559,531.54,159.46,Completed,2024-04
ORD-01432,2024-06-05,CUST-0480,West,Retail,Fashion,Regular,5,58.14,0.0341,322.48,103.19,Completed,2024-06
ORD-01433,2024-10-28,CUST-0003,South,Retail,Electronics,VIP,5,160.29,0.0878,734.32,190.92,Completed,2024-10
ORD-01434,2024-09-05,CUST-0179,Central,Online,Beauty,New,6,65.81,0.2241,423.93,135.66,Completed,2024-09
ORD-01435,2024-10-21,CUST-0013,North,Online,Electronics,New,3,126.98,0.2471,512.92,128.23,Completed,2024-10
ORD-01436,2024-07-21,CUST-0349,West,Retail,Beauty,New,7,47.81,0.1031,446.47,129.48,Returned,2024-07
ORD-01437,2024-06-22,CUST-0014,South,Online,Beauty,New,5,39.35,0.0892,232.68,74.46,Completed,2024-06
ORD-01438,2024-12-23,CUST-0197,North,Retail,Sports,Regular,4,79.1,0.1032,376.49,94.12,Completed,2024-12
ORD-01439,2024-10-19,CUST-0002,Central,Online,Home,Regular,4,105.14,0.1204,616.89,185.07,Completed,2024-10
ORD-01440,2024-12-03,CUST-0177,East,Online,Electronics,New,5,208.63,0.149,1124.32,281.08,Completed,2024-12
ORD-01441,2024-02-04,CUST-0008,East,Retail,Electronics,VIP,5,200.05,0.1467,894.26,232.51,Completed,2024-02
ORD-01442,2024-11-28,CUST-0025,West,Retail,Beauty,Regular,6,40.4,0.1364,258.85,75.07,Completed,2024-11
ORD-01443,2024-07-08,CUST-0403,East,Retail,Electronics,Regular,5,194.53,0.0279,1024.72,225.44,Completed,2024-07
ORD-01444,2024-08-21,CUST-0174,South,Marketplace,Beauty,Regular,5,47.69,0.1244,286.83,83.18,Completed,2024-08
ORD-01445,2024-06-07,CUST-0216,East,Marketplace,Electronics,Regular,5,132.0,0.1738,637.42,140.23,Completed,2024-06
ORD-01446,2024-04-18,CUST-0095,Central,Marketplace,Fashion,New,4,49.91,0.0891,258.89,82.84,Completed,2024-04
ORD-01447,2024-02-28,CUST-0496,East,Marketplace,Fashion,Regular,2,56.42,0.1643,93.45,29.9,Completed,2024-02
ORD-01448,2024-09-06,CUST-0278,South,Marketplace,Home,Regular,4,85.98,0.1422,353.28,95.39,Completed,2024-09
ORD-01449,2024-12-07,CUST-0109,Central,Online,Sports,Regular,5,59.76,0.0981,360.68,100.99,Completed,2024-12
ORD-01450,2024-04-26,CUST-0137,Central,Marketplace,Beauty,New,7,51.19,0.0962,378.42,109.74,Completed,2024-04
ORD-01451,2024-02-28,CUST-0496,Central,Marketplace,Electronics,New,7,130.64,0.0362,1136.02,249.92,Completed,2024-02
ORD-01452,2024-10-17,CUST-0261,North,Retail,Electronics,New,2,134.63,0.1444,264.44,58.18,Completed,2024-10
ORD-01453,2024-11-26,CUST-0120,South,Online,Electronics,New,5,189.11,0.1295,1171.93,292.98,Completed,2024-11
ORD-01454,2024-01-10,CUST-0489,Central,Online,Home,New,7,76.81,0.2043,623.88,187.16,Completed,2024-01
ORD-01455,2024-03-17,CUST-0255,South,Marketplace,Electronics,Regular,6,187.79,0.1336,1381.21,303.87,Completed,2024-03
ORD-01456,2024-05-17,CUST-0304,West,Retail,Electronics,New,2,169.84,0.049,413.31,90.93,Completed,2024-05
ORD-01457,2024-05-04,CUST-0264,South,Retail,Sports,New,6,81.19,0.1101,478.33,119.58,Completed,2024-05
ORD-01458,2024-11-18,CUST-0497,South,Retail,Beauty,New,3,64.34,0.0868,182.59,52.95,Completed,2024-11
ORD-01459,2024-03-02,CUST-0444,West,Marketplace,Beauty,Regular,5,53.73,0.1271,378.67,109.81,Completed,2024-03
ORD-01460,2024-02-15,CUST-0108,East,Retail,Beauty,New,4,48.36,0.1713,151.11,43.82,Completed,2024-02
ORD-01461,2024-12-08,CUST-0481,East,Marketplace,Fashion,VIP,7,76.5,0.1547,479.4,172.58,Completed,2024-12
ORD-01462,2024-04-21,CUST-0373,East,Retail,Beauty,New,1,45.12,0.0621,45.86,13.3,Completed,2024-04
ORD-01463,2024-12-26,CUST-0406,West,Marketplace,Fashion,Regular,3,59.01,0.145,234.97,75.19,Completed,2024-12
ORD-01464,2024-01-16,CUST-0040,North,Marketplace,Fashion,Regular,5,61.81,0.1243,348.89,111.64,Completed,2024-01
ORD-01465,2024-12-26,CUST-0435,North,Retail,Home,Regular,6,76.25,0.135,581.17,156.92,Completed,2024-12
ORD-01466,2024-01-19,CUST-0154,North,Online,Fashion,Regular,2,45.81,0.062,147.34,51.57,Completed,2024-01
ORD-01467,2024-06-22,CUST-0189,West,Online,Electronics,VIP,6,206.51,0.0772,2169.99,629.3,Completed,2024-06
ORD-01468,2024-01-03,CUST-0356,Central,Online,Sports,New,2,81.98,0.1476,190.29,53.28,Returned,2024-01
ORD-01469,2024-10-31,CUST-0077,East,Online,Sports,New,2,69.16,0.2246,117.78,32.98,Completed,2024-10
ORD-01470,2024-09-21,CUST-0335,West,Marketplace,Fashion,Regular,6,80.94,0.0754,713.25,228.24,Completed,2024-09
ORD-01471,2024-09-22,CUST-0074,East,Marketplace,Fashion,New,7,80.01,0.0309,664.15,212.53,Completed,2024-09
ORD-01472,2024-09-01,CUST-0253,North,Retail,Home,New,2,77.93,0.1238,150.52,40.64,Completed,2024-09
ORD-01473,2024-11-18,CUST-0474,North,Marketplace,Home,New,1,62.35,0.1048,87.89,23.73,Completed,2024-11
ORD-01474,2024-06-05,CUST-0161,West,Retail,Electronics,Regular,5,187.74,0.0501,1239.0,272.58,Completed,2024-06
ORD-01475,2024-12-16,CUST-0368,West,Marketplace,Electronics,Regular,7,159.96,0.0745,1506.83,331.5,Completed,2024-12
ORD-01476,2024-06-28,CUST-0370,West,Marketplace,Fashion,Regular,7,69.96,0.1278,666.1,213.15,Completed,2024-06
ORD-01477,2024-09-16,CUST-0233,North,Marketplace,Sports,VIP,7,98.82,0.1797,899.83,260.95,Completed,2024-09
ORD-01478,2024-04-07,CUST-0227,West,Online,Home,New,7,101.33,0.1248,1098.81,329.64,Completed,2024-04
ORD-01479,2024-01-27,CUST-0091,West,Marketplace,Home,Regular,5,72.95,0.0344,499.14,134.77,Completed,2024-01
ORD-01480,2024-11-17,CUST-0430,East,Online,Fashion,New,5,64.22,0.2623,251.51,88.03,Completed,2024-11
ORD-01481,2024-08-08,CUST-0267,Central,Online,Sports,Regular,5,75.96,0.1609,464.65,130.1,Completed,2024-08
ORD-01482,2024-03-19,CUST-0126,North,Retail,Electronics,New,3,148.04,0.1628,451.65,99.36,Completed,2024-03
ORD-01483,2024-10-18,CUST-0266,South,Retail,Fashion,Regular,6,80.65,0.1793,464.28,148.57,Completed,2024-10
ORD-01484,2024-09-30,CUST-0392,South,Marketplace,Fashion,New,6,50.62,0.0547,367.78,117.69,Completed,2024-09
ORD-01485,2024-07-17,CUST-0189,West,Retail,Electronics,Regular,4,189.65,0.0262,1024.95,225.49,Completed,2024-07
ORD-01486,2024-06-17,CUST-0474,East,Marketplace,Sports,Regular,5,69.36,0.0837,319.22,79.81,Returned,2024-06
ORD-01487,2024-03-16,CUST-0077,West,Online,Electronics,Regular,1,170.69,0.2336,199.18,49.8,Completed,2024-03
ORD-01488,2024-05-11,CUST-0475,South,Marketplace,Home,New,6,65.31,0.0877,414.56,111.93,Completed,2024-05
ORD-01489,2024-12-27,CUST-0406,South,Retail,Beauty,Regular,7,52.01,0.1171,380.51,110.35,Completed,2024-12
ORD-01490,2024-05-04,CUST-0408,Central,Online,Home,VIP,6,101.73,0.2035,693.72,235.86,Returned,2024-05
ORD-01491,2024-08-26,CUST-0375,West,Marketplace,Beauty,Regular,7,44.81,0.0758,482.8,140.01,Completed,2024-08
ORD-01492,2024-07-16,CUST-0298,West,Online,Sports,Regular,2,61.06,0.1962,173.19,48.49,Completed,2024-07
ORD-01493,2024-03-04,CUST-0361,Central,Marketplace,Sports,New,6,80.1,0.0928,536.52,134.13,Completed,2024-03
ORD-01494,2024-04-19,CUST-0216,North,Retail,Beauty,New,6,55.98,0.0901,385.69,111.85,Completed,2024-04
ORD-01495,2024-05-04,CUST-0330,North,Retail,Sports,Regular,6,90.4,0.0405,609.91,152.48,Completed,2024-05
ORD-01496,2024-01-17,CUST-0123,East,Retail,Electronics,Regular,6,136.81,0.0375,728.94,160.37,Completed,2024-01
ORD-01497,2024-11-14,CUST-0114,East,Online,Home,Regular,6,109.39,0.1239,658.3,197.49,Completed,2024-11
ORD-01498,2024-03-06,CUST-0443,North,Marketplace,Fashion,New,5,63.91,0.0573,407.18,130.3,Completed,2024-03
ORD-01499,2024-06-06,CUST-0095,North,Retail,Home,New,4,109.25,0.1267,454.41,122.69,Returned,2024-06
ORD-01500,2024-07-01,CUST-0402,Central,Marketplace,Home,New,3,63.13,0.0848,238.82,64.48,Completed,2024-07
ORD-01501,2024-12-02,CUST-0495,East,Retail,Home,New,2,69.18,0.0608,143.14,38.65,Completed,2024-12
ORD-01502,2024-01-31,CUST-0027,West,Online,Fashion,VIP,2,78.41,0.0639,215.37,83.99,Completed,2024-01
ORD-01503,2024-04-25,CUST-0109,Central,Online,Sports,Regular,7,67.57,0.1534,498.66,139.62,Completed,2024-04
ORD-01504,2024-08-31,CUST-0238,West,Retail,Beauty,VIP,2,49.98,0.1018,124.76,41.17,Completed,2024-08
ORD-01505,2024-06-05,CUST-0434,West,Online,Electronics,New,6,161.54,0.1723,1388.87,347.22,Completed,2024-06
ORD-01506,2024-05-04,CUST-0027,North,Marketplace,Sports,VIP,3,60.17,0.1323,224.66,65.15,Completed,2024-05
ORD-01507,2024-08-11,CUST-0070,East,Retail,Beauty,Regular,5,41.41,0.0902,188.2,54.58,Returned,2024-08
ORD-01508,2024-03-14,CUST-0255,South,Marketplace,Sports,New,4,59.95,0.138,278.95,69.74,Completed,2024-03
ORD-01509,2024-02-12,CUST-0482,South,Online,Fashion,New,5,47.31,0.1993,230.27,80.59,Completed,2024-02
ORD-01510,2024-07-05,CUST-0497,South,Marketplace,Electronics,Regular,7,154.13,0.1784,1064.64,234.22,Completed,2024-07
ORD-01511,2024-06-29,CUST-0339,Central,Online,Sports,New,1,96.58,0.2264,97.29,27.24,Completed,2024-06
ORD-01512,2024-02-10,CUST-0119,North,Marketplace,Beauty,Regular,6,48.24,0.0827,381.7,110.69,Completed,2024-02
ORD-01513,2024-08-15,CUST-0304,South,Retail,Electronics,VIP,4,126.32,0.0878,508.7,132.26,Completed,2024-08
ORD-01514,2024-03-10,CUST-0052,West,Marketplace,Beauty,Regular,1,48.65,0.0228,72.18,20.93,Completed,2024-03
ORD-01515,2024-09-09,CUST-0154,West,Online,Electronics,Regular,7,149.43,0.2154,1323.51,330.88,Completed,2024-09
ORD-01516,2024-08-12,CUST-0473,South,Retail,Beauty,New,5,71.92,0.151,343.14,99.51,Completed,2024-08
ORD-01517,2024-11-13,CUST-0089,North,Retail,Sports,Regular,1,69.99,0.1481,76.98,19.25,Completed,2024-11
ORD-01518,2024-09-22,CUST-0382,East,Retail,Beauty,Regular,5,51.32,0.1227,198.18,57.47,Completed,2024-09
ORD-01519,2024-12-11,CUST-0386,South,Retail,Electronics,New,6,131.31,0.1067,843.51,185.57,Completed,2024-12
ORD-01520,2024-02-29,CUST-0052,Central,Retail,Fashion,Regular,5,76.54,0.1344,435.38,139.32,Completed,2024-02
ORD-01521,2024-01-12,CUST-0359,North,Online,Beauty,New,6,40.77,0.0687,423.73,135.59,Completed,2024-01
ORD-01522,2024-08-17,CUST-0421,South,Online,Beauty,Regular,6,48.1,0.1776,305.22,97.67,Returned,2024-08
ORD-01523,2024-05-28,CUST-0190,East,Online,Sports,New,4,68.88,0.2362,271.3,75.96,Returned,2024-05
ORD-01524,2024-07-23,CUST-0087,West,Marketplace,Home,New,4,67.74,0.0385,360.3,97.28,Completed,2024-07
ORD-01525,2024-07-27,CUST-0073,North,Marketplace,Home,New,2,67.67,0.061,203.43,54.93,Completed,2024-07
ORD-01526,2024-07-23,CUST-0453,Central,Online,Beauty,Regular,4,55.86,0.1957,247.6,79.23,Completed,2024-07
ORD-01527,2024-06-25,CUST-0028,South,Retail,Electronics,Regular,4,178.12,0.1583,560.35,123.28,Completed,2024-06
ORD-01528,2024-10-06,CUST-0345,East,Retail,Home,VIP,6,97.87,0.1025,552.01,171.12,Completed,2024-10
ORD-01529,2024-08-08,CUST-0255,North,Retail,Home,New,6,105.98,0.1175,811.73,219.17,Completed,2024-08
ORD-01530,2024-08-08,CUST-0451,North,Marketplace,Electronics,VIP,6,178.93,0.0594,1619.67,421.11,Returned,2024-08
ORD-01531,2024-06-12,CUST-0411,West,Retail,Home,Regular,6,105.16,0.1098,796.67,215.1,Completed,2024-06
ORD-01532,2024-06-21,CUST-0063,East,Retail,Fashion,New,7,73.27,0.0239,551.02,176.33,Completed,2024-06
ORD-01533,2024-10-06,CUST-0381,West,Marketplace,Electronics,New,5,152.92,0.095,978.03,215.17,Completed,2024-10
ORD-01534,2024-05-21,CUST-0085,West,Marketplace,Electronics,Regular,5,116.56,0.0429,781.68,171.97,Completed,2024-05
ORD-01535,2024-12-02,CUST-0223,South,Online,Electronics,Regular,3,204.48,0.2028,692.84,173.21,Completed,2024-12
ORD-01536,2024-10-24,CUST-0138,North,Marketplace,Sports,VIP,4,84.31,0.0523,513.35,148.87,Completed,2024-10
ORD-01537,2024-02-09,CUST-0358,Central,Marketplace,Home,Regular,1,71.61,0.1206,90.42,24.41,Completed,2024-02
ORD-01538,2024-06-28,CUST-0073,Central,Marketplace,Electronics,New,4,127.13,0.0927,604.88,133.07,Completed,2024-06
ORD-01539,2024-09-18,CUST-0417,West,Online,Home,New,1,94.42,0.1307,138.82,41.65,Completed,2024-09
ORD-01540,2024-04-24,CUST-0184,North,Online,Fashion,Regular,6,76.49,0.1726,681.47,238.51,Completed,2024-04
ORD-01541,2024-07-04,CUST-0181,East,Retail,Fashion,New,6,59.29,0.0489,297.07,95.06,Completed,2024-07
ORD-01542,2024-07-02,CUST-0320,South,Marketplace,Fashion,New,3,70.58,0.0682,244.05,78.1,Completed,2024-07
ORD-01543,2024-02-22,CUST-0310,North,Marketplace,Fashion,Regular,1,61.26,0.1713,83.99,26.88,Completed,2024-02
ORD-01544,2024-07-30,CUST-0078,Central,Retail,Fashion,New,4,79.49,0.0574,344.93,110.38,Completed,2024-07
ORD-01545,2024-03-04,CUST-0214,East,Marketplace,Beauty,New,5,69.93,0.0581,429.74,124.62,Returned,2024-03
ORD-01546,2024-03-18,CUST-0311,North,Online,Fashion,New,6,82.1,0.2563,543.3,190.15,Returned,2024-03
ORD-01547,2024-03-17,CUST-0096,East,Retail,Home,VIP,6,68.08,0.0219,356.19,110.42,Completed,2024-03
ORD-01548,2024-03-07,CUST-0127,North,Retail,Sports,Regular,4,91.68,0.0875,406.91,101.73,Completed,2024-03
ORD-01549,2024-04-24,CUST-0293,East,Retail,Home,New,2,99.42,0.1405,168.81,45.58,Completed,2024-04
ORD-01550,2024-04-22,CUST-0188,West,Online,Electronics,New,2,133.9,0.1362,402.14,100.53,Completed,2024-04
ORD-01551,2024-08-23,CUST-0198,West,Online,Beauty,Regular,3,69.81,0.2171,253.23,81.03,Completed,2024-08
ORD-01552,2024-12-14,CUST-0390,West,Retail,Fashion,Regular,1,79.23,0.1718,100.08,32.03,Completed,2024-12
ORD-01553,2024-07-19,CUST-0090,Central,Marketplace,Electronics,Regular,5,140.93,0.0676,747.22,164.39,Completed,2024-07
ORD-01554,2024-12-23,CUST-0444,South,Marketplace,Electronics,Regular,2,209.78,0.0918,522.55,114.96,Completed,2024-12
ORD-01555,2024-02-06,CUST-0252,North,Online,Sports,Regular,1,59.0,0.0542,88.16,24.68,Completed,2024-02
ORD-01556,2024-10-13,CUST-0113,Central,Online,Beauty,New,6,54.54,0.0875,447.34,143.15,Completed,2024-10
ORD-01557,2024-07-11,CUST-0418,Central,Marketplace,Fashion,New,4,70.6,0.1331,362.44,115.98,Completed,2024-07
ORD-01558,2024-02-27,CUST-0067,South,Marketplace,Fashion,Regular,5,75.11,0.0764,376.43,120.46,Completed,2024-02
ORD-01559,2024-08-20,CUST-0059,Central,Retail,Beauty,New,2,46.71,0.0541,92.98,26.96,Completed,2024-08
ORD-01560,2024-09-14,CUST-0344,South,Marketplace,Electronics,Regular,3,176.04,0.111,577.85,127.13,Returned,2024-09
ORD-01561,2024-06-22,CUST-0405,Central,Marketplace,Beauty,New,6,58.04,0.1246,398.27,115.5,Completed,2024-06
ORD-01562,2024-11-12,CUST-0129,Central,Marketplace,Home,New,7,85.6,0.1514,761.38,205.57,Completed,2024-11
ORD-01563,2024-01-23,CUST-0109,East,Retail,Home,New,5,98.65,0.0329,522.44,141.06,Completed,2024-01
ORD-01564,2024-02-13,CUST-0253,East,Retail,Electronics,Regular,7,195.74,0.1292,1069.34,235.25,Completed,2024-02
ORD-01565,2024-06-24,CUST-0373,South,Online,Beauty,Regular,4,55.63,0.1253,240.14,76.84,Completed,2024-06
ORD-01566,2024-12-21,CUST-0120,East,Marketplace,Fashion,VIP,5,69.64,0.0444,323.39,116.42,Completed,2024-12
ORD-01567,2024-09-27,CUST-0279,West,Marketplace,Electronics,New,4,148.79,0.0954,947.82,208.52,Completed,2024-09
ORD-01568,2024-03-26,CUST-0332,South,Online,Fashion,VIP,3,56.43,0.1771,191.14,74.54,Completed,2024-03
ORD-01569,2024-04-30,CUST-0100,East,Retail,Beauty,Regular,2,41.14,0.0825,71.43,20.71,Completed,2024-04
ORD-01570,2024-12-20,CUST-0205,West,Retail,Fashion,VIP,7,47.18,0.0683,382.17,137.58,Completed,2024-12
ORD-01571,2024-07-04,CUST-0470,South,Retail,Home,Regular,2,78.39,0.0513,152.37,41.14,Completed,2024-07
ORD-01572,2024-05-20,CUST-0456,Central,Marketplace,Fashion,Regular,6,68.22,0.0599,497.3,159.14,Completed,2024-05
ORD-01573,2024-09-15,CUST-0234,East,Online,Sports,New,1,62.01,0.0911,75.16,21.04,Completed,2024-09
ORD-01574,2024-05-26,CUST-0235,West,Online,Home,New,3,86.47,0.2272,376.71,113.01,Completed,2024-05
ORD-01575,2024-04-28,CUST-0373,West,Marketplace,Home,Regular,6,110.24,0.0876,906.09,244.64,Completed,2024-04
ORD-01576,2024-04-24,CUST-0079,West,Marketplace,Sports,VIP,6,64.11,0.1408,574.51,166.61,Completed,2024-04
ORD-01577,2024-02-27,CUST-0098,South,Online,Sports,Regular,7,60.42,0.2116,490.91,137.45,Completed,2024-02
ORD-01578,2024-02-10,CUST-0491,East,Marketplace,Fashion,New,4,71.8,0.1445,286.46,91.67,Completed,2024-02
ORD-01579,2024-04-20,CUST-0137,Central,Marketplace,Fashion,Regular,6,54.85,0.1379,403.41,129.09,Completed,2024-04
ORD-01580,2024-10-14,CUST-0333,Central,Marketplace,Fashion,New,5,44.37,0.1459,251.45,80.46,Completed,2024-10
ORD-01581,2024-08-23,CUST-0141,East,Retail,Fashion,New,5,59.99,0.1632,233.69,74.78,Completed,2024-08
ORD-01582,2024-01-19,CUST-0380,North,Marketplace,Fashion,New,5,47.98,0.1264,308.93,98.86,Completed,2024-01
ORD-01583,2024-03-03,CUST-0111,North,Online,Beauty,VIP,3,70.43,0.1248,317.84,114.42,Completed,2024-03
ORD-01584,2024-02-13,CUST-0348,North,Marketplace,Fashion,New,5,60.04,0.1627,420.77,134.65,Completed,2024-02
ORD-01585,2024-05-06,CUST-0091,North,Online,Beauty,New,1,41.56,0.2008,55.02,17.61,Completed,2024-05
ORD-01586,2024-08-31,CUST-0072,Central,Marketplace,Home,New,7,66.26,0.0941,525.47,141.88,Completed,2024-08
ORD-01587,2024-02-18,CUST-0288,North,Marketplace,Beauty,New,7,69.78,0.0666,739.55,214.47,Completed,2024-02
ORD-01588,2024-03-24,CUST-0270,West,Retail,Beauty,Regular,7,56.41,0.135,480.7,139.4,Completed,2024-03
ORD-01589,2024-06-02,CUST-0078,South,Online,Sports,New,3,70.83,0.1084,235.91,66.05,Completed,2024-06
ORD-01590,2024-11-14,CUST-0129,West,Retail,Fashion,New,6,64.09,0.1373,408.99,130.88,Completed,2024-11
ORD-01591,2024-10-26,CUST-0486,South,Online,Electronics,New,6,121.45,0.0787,952.96,238.24,Completed,2024-10
ORD-01592,2024-05-19,CUST-0050,East,Marketplace,Beauty,VIP,5,46.59,0.1576,256.04,84.49,Completed,2024-05
ORD-01593,2024-08-29,CUST-0357,South,Online,Sports,New,6,96.42,0.0893,730.36,204.5,Completed,2024-08
ORD-01594,2024-11-08,CUST-0172,Central,Marketplace,Electronics,VIP,7,151.81,0.0744,1165.47,303.02,Completed,2024-11
ORD-01595,2024-07-30,CUST-0399,East,Retail,Electronics,VIP,1,134.91,0.0676,120.08,31.22,Completed,2024-07
ORD-01596,2024-06-10,CUST-0360,Central,Retail,Fashion,New,6,61.63,0.0405,386.76,123.76,Completed,2024-06
ORD-01597,2024-04-15,CUST-0135,West,Retail,Electronics,Regular,1,180.15,0.0245,204.0,44.88,Completed,2024-04
ORD-01598,2024-11-17,CUST-0383,South,Retail,Electronics,Regular,5,121.82,0.1376,563.65,124.0,Completed,2024-11
ORD-01599,2024-12-28,CUST-0390,East,Retail,Home,Regular,7,100.86,0.0631,581.63,157.04,Completed,2024-12
ORD-01600,2024-03-11,CUST-0316,East,Marketplace,Electronics,New,2,197.69,0.0278,454.99,100.1,Completed,2024-03
